date,service,kitchen,dishwasher
01/01/2020,196.0,107.0,52.0
02/01/2020,187.0,121.0,56.0
03/01/2020,225.0,106.0,55.0
04/01/2020,217.0,132.0,56.0
05/01/2020,161.0,104.0,43.0
06/01/2020,118.0,89.0,51.0
07/01/2020,117.0,91.0,48.0
08/01/2020,108.0,75.0,49.0
09/01/2020,117.0,83.0,44.0
10/01/2020,182.0,82.0,43.0
11/01/2020,209.0,107.0,54.0
12/01/2020,149.0,111.0,45.0
13/01/2020,118.0,89.0,50.0
14/01/2020,105.0,82.0,42.0
15/01/2020,108.0,89.0,46.0
16/01/2020,125.0,82.0,38.0
17/01/2020,174.0,84.0,40.0
18/01/2020,189.0,116.0,52.0
19/01/2020,156.0,106.0,45.0
20/01/2020,115.0,93.0,42.0
21/01/2020,118.0,76.0,39.0
22/01/2020,105.0,89.0,39.0
23/01/2020,126.0,83.0,46.0
24/01/2020,159.0,93.0,46.0
25/01/2020,204.0,114.0,52.0
26/01/2020,182.0,101.0,45.0
27/01/2020,109.0,92.0,39.0
28/01/2020,109.0,82.0,45.0
29/01/2020,119.0,89.0,39.0
30/01/2020,138.0,88.0,45.0
31/01/2020,168.0,88.0,53.0
01/02/2020,193.0,108.0,49.0
02/02/2020,157.0,98.0,39.0
03/02/2020,115.0,88.0,50.0
04/02/2020,126.0,79.0,44.0
05/02/2020,115.0,82.0,42.0
06/02/2020,116.0,87.0,54.0
07/02/2020,158.0,101.0,63.0
08/02/2020,197.0,114.0,50.0
09/02/2020,141.0,98.0,47.0
10/02/2020,114.0,92.0,55.0
11/02/2020,137.0,92.0,32.0
12/02/2020,145.0,91.0,54.0
13/02/2020,140.0,87.0,55.0
14/02/2020,150.0,104.0,61.0
15/02/2020,186.0,113.0,63.0
16/02/2020,161.0,108.0,48.0
17/02/2020,130.0,89.0,53.0
18/02/2020,122.0,87.0,39.0
19/02/2020,117.0,89.0,49.0
20/02/2020,121.0,86.0,58.0
21/02/2020,173.0,99.0,49.0
22/02/2020,203.0,115.0,61.0
23/02/2020,163.0,106.0,48.0
24/02/2020,120.0,91.0,60.0
25/02/2020,131.0,85.0,48.0
26/02/2020,119.0,82.0,53.0
27/02/2020,126.0,86.0,42.0
28/02/2020,164.0,99.0,68.0
29/02/2020,199.0,112.0,62.0
01/03/2020,161.0,102.0,47.0
02/03/2020,113.0,81.0,56.0
03/03/2020,110.0,84.0,53.0
04/03/2020,91.0,86.0,52.0
05/03/2020,127.0,83.0,53.0
06/03/2020,152.0,104.0,57.0
07/03/2020,167.0,111.0,56.0
08/03/2020,151.0,108.0,47.0
09/03/2020,102.0,88.0,43.0
10/03/2020,91.0,73.0,51.0
11/03/2020,89.0,61.0,48.0
12/03/2020,94.0,74.0,44.0
13/03/2020,98.0,72.0,41.0
14/03/2020,87.0,73.0,37.0
15/03/2020,50.0,55.0,25.0
16/03/2020,5.0,0.0,0.0
17/03/2020,0.0,0.0,0.0
18/03/2020,0.0,0.0,0.0
19/03/2020,0.0,0.0,0.0
20/03/2020,0.0,0.0,0.0
21/03/2020,0.0,0.0,0.0
22/03/2020,0.0,0.0,0.0
23/03/2020,0.0,0.0,0.0
24/03/2020,0.0,0.0,0.0
25/03/2020,0.0,0.0,0.0
26/03/2020,0.0,0.0,0.0
27/03/2020,0.0,0.0,0.0
28/03/2020,0.0,0.0,0.0
29/03/2020,0.0,0.0,0.0
30/03/2020,0.0,0.0,0.0
31/03/2020,0.0,0.0,0.0
01/04/2020,0.0,0.0,0.0
02/04/2020,0.0,0.0,0.0
03/04/2020,0.0,0.0,0.0
04/04/2020,0.0,0.0,0.0
05/04/2020,0.0,0.0,0.0
06/04/2020,0.0,0.0,0.0
07/04/2020,0.0,0.0,0.0
08/04/2020,0.0,0.0,0.0
09/04/2020,0.0,0.0,0.0
10/04/2020,0.0,0.0,0.0
11/04/2020,0.0,0.0,0.0
12/04/2020,0.0,0.0,0.0
13/04/2020,0.0,0.0,0.0
14/04/2020,0.0,0.0,0.0
15/04/2020,0.0,0.0,0.0
16/04/2020,0.0,0.0,0.0
17/04/2020,0.0,0.0,0.0
18/04/2020,0.0,0.0,0.0
19/04/2020,0.0,0.0,0.0
20/04/2020,0.0,0.0,0.0
21/04/2020,0.0,0.0,0.0
22/04/2020,0.0,0.0,0.0
23/04/2020,0.0,0.0,0.0
24/04/2020,0.0,0.0,0.0
25/04/2020,0.0,0.0,0.0
26/04/2020,0.0,0.0,0.0
27/04/2020,0.0,0.0,0.0
28/04/2020,0.0,0.0,0.0
29/04/2020,0.0,0.0,0.0
30/04/2020,0.0,0.0,0.0
01/05/2020,0.0,0.0,0.0
02/05/2020,0.0,0.0,0.0
03/05/2020,6.0,0.0,0.0
04/05/2020,0.0,0.0,0.0
05/05/2020,0.0,0.0,0.0
06/05/2020,0.0,0.0,0.0
07/05/2020,0.0,0.0,0.0
08/05/2020,0.0,0.0,0.0
09/05/2020,0.0,0.0,0.0
10/05/2020,0.0,0.0,0.0
11/05/2020,0.0,0.0,0.0
12/05/2020,0.0,0.0,0.0
13/05/2020,0.0,0.0,0.0
14/05/2020,0.0,3.0,0.0
15/05/2020,0.0,0.0,0.0
16/05/2020,0.0,0.0,4.0
17/05/2020,0.0,0.0,0.0
18/05/2020,0.0,0.0,0.0
19/05/2020,0.0,0.0,0.0
20/05/2020,0.0,0.0,0.0
21/05/2020,0.0,0.0,0.0
22/05/2020,0.0,0.0,0.0
23/05/2020,0.0,0.0,0.0
24/05/2020,0.0,0.0,0.0
25/05/2020,0.0,0.0,0.0
26/05/2020,0.0,0.0,0.0
27/05/2020,0.0,0.0,0.0
28/05/2020,0.0,0.0,0.0
29/05/2020,0.0,0.0,0.0
30/05/2020,0.0,0.0,0.0
31/05/2020,0.0,5.0,0.0
01/06/2020,108.0,68.0,9.0
02/06/2020,78.0,53.0,6.0
03/06/2020,57.0,51.0,6.0
04/06/2020,58.0,53.0,7.0
05/06/2020,57.0,59.0,13.0
06/06/2020,59.0,66.0,14.0
07/06/2020,51.0,62.0,7.0
08/06/2020,49.0,52.0,13.0
09/06/2020,41.0,44.0,14.0
10/06/2020,56.0,47.0,8.0
11/06/2020,58.0,49.0,7.0
12/06/2020,62.0,58.0,18.0
13/06/2020,77.0,68.0,17.0
14/06/2020,52.0,56.0,14.0
15/06/2020,43.0,60.0,12.0
16/06/2020,43.0,48.0,15.0
17/06/2020,48.0,48.0,16.0
18/06/2020,49.0,59.0,14.0
19/06/2020,69.0,55.0,17.0
20/06/2020,69.0,69.0,16.0
21/06/2020,65.0,63.0,20.0
22/06/2020,52.0,52.0,16.0
23/06/2020,94.0,26.0,0.0
24/06/2020,105.0,16.0,0.0
25/06/2020,137.0,3.0,0.0
26/06/2020,144.0,0.0,0.0
27/06/2020,141.0,26.0,7.0
28/06/2020,72.0,54.0,21.0
29/06/2020,42.0,64.0,6.0
30/06/2020,54.0,36.0,9.0
01/07/2020,66.0,57.0,16.0
02/07/2020,65.0,70.0,14.0
03/07/2020,85.0,63.0,33.0
04/07/2020,116.0,70.0,30.0
05/07/2020,99.0,64.0,29.0
06/07/2020,55.0,64.0,14.0
07/07/2020,76.0,46.0,15.0
08/07/2020,53.0,55.0,21.0
09/07/2020,61.0,66.0,13.0
10/07/2020,91.0,61.0,27.0
11/07/2020,126.0,74.0,35.0
12/07/2020,100.0,68.0,31.0
13/07/2020,80.0,63.0,16.0
14/07/2020,76.0,50.0,15.0
15/07/2020,74.0,61.0,16.0
16/07/2020,69.0,68.0,14.0
17/07/2020,107.0,65.0,27.0
18/07/2020,154.0,62.0,26.0
19/07/2020,105.0,64.0,32.0
20/07/2020,80.0,68.0,15.0
21/07/2020,83.0,47.0,14.0
22/07/2020,75.0,63.0,14.0
23/07/2020,84.0,70.0,14.0
24/07/2020,93.0,55.0,33.0
25/07/2020,125.0,69.0,36.0
26/07/2020,102.0,59.0,30.0
27/07/2020,70.0,57.0,25.0
28/07/2020,86.0,54.0,27.0
29/07/2020,90.0,64.0,26.0
30/07/2020,90.0,65.0,25.0
31/07/2020,124.0,61.0,28.0
01/08/2020,156.0,58.0,37.0
02/08/2020,91.0,57.0,34.0
03/08/2020,72.0,57.0,24.0
04/08/2020,82.0,53.0,25.0
05/08/2020,94.0,61.0,24.0
06/08/2020,84.0,68.0,24.0
07/08/2020,90.0,64.0,35.0
08/08/2020,129.0,66.0,44.0
09/08/2020,109.0,70.0,27.0
10/08/2020,81.0,73.0,19.0
11/08/2020,93.0,49.0,26.0
12/08/2020,157.0,11.0,12.0
13/08/2020,126.0,36.0,13.0
14/08/2020,116.0,57.0,33.0
15/08/2020,139.0,72.0,43.0
16/08/2020,91.0,66.0,26.0
17/08/2020,72.0,65.0,18.0
18/08/2020,75.0,56.0,24.0
19/08/2020,91.0,64.0,24.0
20/08/2020,69.0,68.0,25.0
21/08/2020,106.0,68.0,33.0
22/08/2020,120.0,72.0,40.0
23/08/2020,101.0,61.0,26.0
24/08/2020,61.0,62.0,24.0
25/08/2020,70.0,49.0,23.0
26/08/2020,78.0,48.0,23.0
27/08/2020,67.0,56.0,23.0
28/08/2020,104.0,53.0,33.0
29/08/2020,109.0,70.0,40.0
30/08/2020,102.0,50.0,26.0
31/08/2020,66.0,62.0,34.0
01/09/2020,69.0,42.0,30.0
02/09/2020,67.0,53.0,34.0
03/09/2020,61.0,54.0,35.0
04/09/2020,108.0,66.0,44.0
05/09/2020,114.0,70.0,43.0
06/09/2020,86.0,58.0,32.0
07/09/2020,67.0,50.0,26.0
08/09/2020,58.0,47.0,27.0
09/09/2020,58.0,47.0,22.0
10/09/2020,65.0,49.0,25.0
11/09/2020,95.0,58.0,26.0
12/09/2020,112.0,67.0,37.0
13/09/2020,86.0,55.0,32.0
14/09/2020,65.0,55.0,24.0
15/09/2020,68.0,48.0,25.0
16/09/2020,57.0,52.0,24.0
17/09/2020,72.0,55.0,24.0
18/09/2020,90.0,62.0,28.0
19/09/2020,107.0,73.0,28.0
20/09/2020,68.0,61.0,25.0
21/09/2020,53.0,57.0,20.0
22/09/2020,56.0,50.0,16.0
23/09/2020,46.0,48.0,15.0
24/09/2020,52.0,58.0,16.0
25/09/2020,76.0,59.0,22.0
26/09/2020,102.0,74.0,27.0
27/09/2020,64.0,56.0,17.0
28/09/2020,52.0,50.0,16.0
29/09/2020,38.0,52.0,13.0
30/09/2020,42.0,40.0,11.0
01/10/2020,39.0,38.0,15.0
02/10/2020,65.0,46.0,19.0
03/10/2020,63.0,45.0,23.0
04/10/2020,57.0,50.0,34.0
05/10/2020,28.0,42.0,12.0
06/10/2020,38.0,41.0,5.0
07/10/2020,40.0,40.0,12.0
08/10/2020,34.0,41.0,11.0
09/10/2020,57.0,39.0,13.0
10/10/2020,68.0,58.0,22.0
11/10/2020,52.0,51.0,15.0
12/10/2020,35.0,44.0,12.0
13/10/2020,43.0,43.0,12.0
14/10/2020,62.0,44.0,11.0
15/10/2020,16.0,6.0,8.0
16/10/2020,35.0,6.0,11.0
17/10/2020,6.0,0.0,0.0
18/10/2020,0.0,0.0,0.0
19/10/2020,0.0,0.0,0.0
20/10/2020,0.0,0.0,0.0
21/10/2020,0.0,0.0,0.0
22/10/2020,6.0,0.0,0.0
23/10/2020,0.0,0.0,0.0
24/10/2020,0.0,0.0,0.0
25/10/2020,5.0,0.0,0.0
26/10/2020,4.0,0.0,0.0
27/10/2020,0.0,0.0,0.0
28/10/2020,0.0,0.0,0.0
29/10/2020,6.0,3.0,0.0
30/10/2020,4.0,0.0,0.0
31/10/2020,0.0,0.0,0.0
01/11/2020,4.0,0.0,0.0
02/11/2020,0.0,0.0,0.0
03/11/2020,0.0,0.0,0.0
04/11/2020,0.0,0.0,0.0
05/11/2020,9.0,0.0,0.0
06/11/2020,0.0,0.0,0.0
07/11/2020,0.0,0.0,0.0
08/11/2020,2.0,0.0,0.0
09/11/2020,0.0,0.0,0.0
10/11/2020,0.0,0.0,0.0
11/11/2020,0.0,0.0,0.0
12/11/2020,0.0,0.0,0.0
13/11/2020,0.0,0.0,0.0
14/11/2020,2.0,0.0,0.0
15/11/2020,0.0,0.0,0.0
16/11/2020,0.0,0.0,0.0
17/11/2020,0.0,0.0,0.0
18/11/2020,4.0,0.0,0.0
19/11/2020,2.0,0.0,0.0
20/11/2020,4.0,0.0,0.0
21/11/2020,0.0,0.0,0.0
22/11/2020,0.0,0.0,0.0
23/11/2020,0.0,0.0,0.0
24/11/2020,0.0,0.0,0.0
25/11/2020,0.0,0.0,0.0
26/11/2020,0.0,0.0,0.0
27/11/2020,0.0,0.0,0.0
28/11/2020,3.0,0.0,0.0
29/11/2020,0.0,0.0,0.0
30/11/2020,0.0,0.0,0.0
01/12/2020,0.0,0.0,0.0
02/12/2020,0.0,0.0,0.0
03/12/2020,0.0,0.0,0.0
04/12/2020,0.0,0.0,0.0
05/12/2020,0.0,0.0,0.0
06/12/2020,0.0,0.0,0.0
07/12/2020,0.0,0.0,0.0
08/12/2020,0.0,0.0,0.0
09/12/2020,0.0,0.0,0.0
10/12/2020,0.0,0.0,0.0
11/12/2020,3.0,0.0,0.0
12/12/2020,1.0,0.0,0.0
13/12/2020,0.0,0.0,0.0
14/12/2020,0.0,0.0,0.0
15/12/2020,0.0,0.0,0.0
16/12/2020,0.0,0.0,0.0
17/12/2020,3.0,0.0,0.0
18/12/2020,11.0,8.0,12.0
19/12/2020,2.0,0.0,0.0
20/12/2020,2.0,0.0,0.0
21/12/2020,0.0,15.0,3.0
22/12/2020,4.0,20.0,0.0
23/12/2020,10.0,65.0,18.0
24/12/2020,9.0,34.0,13.0
25/12/2020,16.0,25.0,6.0
26/12/2020,0.0,6.0,3.0
27/12/2020,0.0,6.0,0.0
28/12/2020,0.0,9.0,0.0
29/12/2020,6.0,12.0,0.0
30/12/2020,6.0,22.0,6.0
31/12/2020,13.0,25.0,6.0
01/01/2021,12.0,2.0,4.0
02/01/2021,0.0,0.0,0.0
03/01/2021,0.0,0.0,0.0
04/01/2021,0.0,0.0,0.0
05/01/2021,6.0,0.0,0.0
06/01/2021,0.0,0.0,0.0
07/01/2021,0.0,0.0,0.0
08/01/2021,4.0,0.0,0.0
09/01/2021,5.0,0.0,0.0
10/01/2021,0.0,0.0,0.0
11/01/2021,4.0,0.0,0.0
12/01/2021,5.0,0.0,0.0
13/01/2021,0.0,0.0,0.0
14/01/2021,0.0,0.0,0.0
15/01/2021,0.0,0.0,0.0
16/01/2021,2.0,0.0,0.0
17/01/2021,0.0,0.0,0.0
18/01/2021,0.0,0.0,0.0
19/01/2021,0.0,0.0,0.0
20/01/2021,0.0,0.0,0.0
21/01/2021,0.0,0.0,0.0
22/01/2021,2.0,0.0,0.0
23/01/2021,1.0,0.0,0.0
24/01/2021,0.0,0.0,0.0
25/01/2021,0.0,0.0,0.0
26/01/2021,0.0,0.0,0.0
27/01/2021,0.0,0.0,0.0
28/01/2021,0.0,0.0,0.0
29/01/2021,1.0,0.0,0.0
30/01/2021,2.0,0.0,0.0
31/01/2021,0.0,0.0,0.0
01/02/2021,0.0,0.0,0.0
02/02/2021,0.0,0.0,0.0
03/02/2021,0.0,0.0,0.0
04/02/2021,0.0,0.0,0.0
05/02/2021,0.0,0.0,0.0
06/02/2021,0.0,0.0,0.0
07/02/2021,0.0,0.0,0.0
08/02/2021,0.0,0.0,0.0
09/02/2021,0.0,0.0,0.0
10/02/2021,0.0,0.0,0.0
11/02/2021,0.0,0.0,0.0
12/02/2021,0.0,0.0,0.0
13/02/2021,0.0,0.0,0.0
14/02/2021,0.0,0.0,0.0
15/02/2021,0.0,0.0,0.0
16/02/2021,0.0,0.0,0.0
17/02/2021,0.0,0.0,0.0
18/02/2021,0.0,0.0,0.0
19/02/2021,0.0,0.0,0.0
20/02/2021,0.0,0.0,0.0
21/02/2021,0.0,0.0,0.0
22/02/2021,0.0,0.0,0.0
23/02/2021,0.0,0.0,0.0
24/02/2021,0.0,0.0,0.0
25/02/2021,0.0,0.0,0.0
26/02/2021,0.0,0.0,0.0
27/02/2021,0.0,0.0,0.0
28/02/2021,0.0,0.0,0.0
01/03/2021,0.0,0.0,0.0
02/03/2021,0.0,0.0,0.0
03/03/2021,0.0,0.0,0.0
04/03/2021,0.0,0.0,0.0
05/03/2021,0.0,0.0,0.0
06/03/2021,0.0,0.0,0.0
07/03/2021,0.0,0.0,0.0
08/03/2021,0.0,0.0,0.0
09/03/2021,0.0,0.0,0.0
10/03/2021,0.0,0.0,0.0
11/03/2021,0.0,0.0,0.0
12/03/2021,0.0,0.0,0.0
13/03/2021,0.0,0.0,0.0
14/03/2021,0.0,0.0,0.0
15/03/2021,0.0,0.0,0.0
16/03/2021,0.0,0.0,0.0
17/03/2021,0.0,0.0,0.0
18/03/2021,0.0,0.0,0.0
19/03/2021,0.0,0.0,0.0
20/03/2021,0.0,0.0,0.0
21/03/2021,0.0,0.0,0.0
22/03/2021,0.0,0.0,0.0
23/03/2021,0.0,0.0,0.0
24/03/2021,0.0,0.0,0.0
25/03/2021,6.0,8.0,6.0
26/03/2021,0.0,0.0,0.0
27/03/2021,2.0,0.0,0.0
28/03/2021,0.0,0.0,0.0
29/03/2021,0.0,0.0,0.0
30/03/2021,0.0,0.0,0.0
31/03/2021,0.0,6.0,0.0
01/04/2021,0.0,0.0,0.0
02/04/2021,0.0,0.0,0.0
03/04/2021,0.0,0.0,0.0
04/04/2021,15.0,8.0,7.0
05/04/2021,1.0,5.0,0.0
06/04/2021,0.0,6.0,6.0
07/04/2021,0.0,0.0,0.0
08/04/2021,0.0,0.0,0.0
09/04/2021,0.0,0.0,0.0
10/04/2021,0.0,0.0,0.0
11/04/2021,0.0,0.0,0.0
12/04/2021,0.0,0.0,0.0
13/04/2021,0.0,0.0,0.0
14/04/2021,0.0,0.0,0.0
15/04/2021,0.0,0.0,0.0
16/04/2021,0.0,6.0,0.0
17/04/2021,0.0,0.0,0.0
18/04/2021,0.0,0.0,0.0
19/04/2021,0.0,0.0,0.0
20/04/2021,0.0,0.0,0.0
21/04/2021,0.0,0.0,0.0
22/04/2021,0.0,0.0,0.0
23/04/2021,0.0,6.0,0.0
24/04/2021,0.0,5.0,0.0
25/04/2021,3.0,0.0,0.0
26/04/2021,6.0,10.0,6.0
27/04/2021,5.0,0.0,0.0
28/04/2021,25.0,18.0,9.0
29/04/2021,18.0,20.0,0.0
30/04/2021,20.0,25.0,8.0
01/05/2021,26.0,39.0,0.0
02/05/2021,22.0,30.0,8.0
03/05/2021,23.0,22.0,17.0
04/05/2021,26.0,14.0,7.0
05/05/2021,21.0,10.0,8.0
06/05/2021,13.0,23.0,0.0
07/05/2021,13.0,31.0,8.0
08/05/2021,18.0,30.0,8.0
09/05/2021,30.0,31.0,10.0
10/05/2021,14.0,20.0,10.0
11/05/2021,11.0,16.0,8.0
12/05/2021,15.0,14.0,8.0
13/05/2021,26.0,29.0,15.0
14/05/2021,28.0,33.0,8.0
15/05/2021,26.0,25.0,8.0
16/05/2021,31.0,22.0,8.0
17/05/2021,32.0,14.0,7.0
18/05/2021,19.0,13.0,8.0
19/05/2021,16.0,25.0,13.0
20/05/2021,22.0,30.0,18.0
21/05/2021,30.0,38.0,9.0
22/05/2021,36.0,27.0,8.0
23/05/2021,25.0,39.0,18.0
24/05/2021,30.0,39.0,10.0
25/05/2021,36.0,21.0,9.0
26/05/2021,24.0,25.0,10.0
27/05/2021,8.0,27.0,14.0
28/05/2021,42.0,34.0,10.0
29/05/2021,25.0,31.0,14.0
30/05/2021,27.0,44.0,16.0
31/05/2021,36.0,37.0,10.0
01/06/2021,41.0,35.0,13.0
02/06/2021,41.0,36.0,13.0
03/06/2021,38.0,40.0,13.0
04/06/2021,50.0,36.0,12.0
05/06/2021,73.0,49.0,30.0
06/06/2021,77.0,51.0,29.0
07/06/2021,62.0,41.0,32.0
08/06/2021,61.0,40.0,26.0
09/06/2021,55.0,44.0,24.0
10/06/2021,63.0,42.0,21.0
11/06/2021,70.0,44.0,30.0
12/06/2021,74.0,54.0,35.0
13/06/2021,69.0,51.0,27.0
14/06/2021,56.0,42.0,21.0
15/06/2021,61.0,41.0,28.0
16/06/2021,61.0,38.0,27.0
17/06/2021,64.0,39.0,33.0
18/06/2021,64.0,45.0,34.0
19/06/2021,78.0,49.0,38.0
20/06/2021,70.0,50.0,30.0
21/06/2021,60.0,38.0,21.0
22/06/2021,40.0,39.0,29.0
23/06/2021,45.0,42.0,28.0
24/06/2021,75.0,41.0,32.0
25/06/2021,82.0,40.0,34.0
26/06/2021,106.0,57.0,33.0
27/06/2021,86.0,62.0,34.0
28/06/2021,67.0,46.0,31.0
29/06/2021,70.0,41.0,34.0
30/06/2021,73.0,48.0,31.0
01/07/2021,88.0,53.0,38.0
02/07/2021,89.0,58.0,38.0
03/07/2021,138.0,80.0,36.0
04/07/2021,88.0,65.0,26.0
05/07/2021,72.0,51.0,25.0
06/07/2021,88.0,48.0,28.0
07/07/2021,75.0,45.0,34.0
08/07/2021,85.0,44.0,39.0
09/07/2021,109.0,77.0,35.0
10/07/2021,116.0,73.0,32.0
11/07/2021,85.0,61.0,24.0
12/07/2021,68.0,47.0,16.0
13/07/2021,88.0,47.0,33.0
14/07/2021,82.0,52.0,36.0
15/07/2021,78.0,58.0,42.0
16/07/2021,121.0,72.0,42.0
17/07/2021,117.0,89.0,46.0
18/07/2021,117.0,61.0,29.0
19/07/2021,81.0,51.0,24.0
20/07/2021,97.0,40.0,37.0
21/07/2021,73.0,57.0,35.0
22/07/2021,86.0,44.0,37.0
23/07/2021,93.0,75.0,41.0
24/07/2021,80.0,74.0,40.0
25/07/2021,91.0,57.0,27.0
26/07/2021,95.0,49.0,22.0
27/07/2021,87.0,47.0,32.0
28/07/2021,98.0,54.0,37.0
29/07/2021,110.0,50.0,40.0
30/07/2021,95.0,70.0,41.0
31/07/2021,102.0,77.0,40.0
01/08/2021,78.0,48.0,29.0
02/08/2021,81.0,56.0,24.0
03/08/2021,98.0,56.0,31.0
04/08/2021,80.0,54.0,32.0
05/08/2021,92.0,55.0,41.0
06/08/2021,128.0,56.0,34.0
07/08/2021,96.0,75.0,29.0
08/08/2021,92.0,67.0,30.0
09/08/2021,113.0,53.0,25.0
10/08/2021,67.0,50.0,31.0
11/08/2021,70.0,53.0,24.0
12/08/2021,100.0,58.0,40.0
13/08/2021,137.0,55.0,42.0
14/08/2021,139.0,66.0,33.0
15/08/2021,80.0,67.0,24.0
16/08/2021,107.0,47.0,24.0
17/08/2021,73.0,49.0,38.0
18/08/2021,58.0,47.0,37.0
19/08/2021,95.0,46.0,41.0
20/08/2021,103.0,71.0,34.0
21/08/2021,158.0,63.0,40.0
22/08/2021,101.0,58.0,29.0
23/08/2021,82.0,67.0,26.0
24/08/2021,69.0,57.0,37.0
25/08/2021,94.0,58.0,37.0
26/08/2021,93.0,57.0,41.0
27/08/2021,106.0,69.0,40.0
28/08/2021,122.0,69.0,31.0
29/08/2021,96.0,57.0,31.0
30/08/2021,106.0,53.0,22.0
31/08/2021,85.0,54.0,36.0
01/09/2021,104.0,54.0,38.0
02/09/2021,100.0,56.0,37.0
03/09/2021,115.0,69.0,35.0
04/09/2021,128.0,65.0,32.0
05/09/2021,116.0,61.0,43.0
06/09/2021,84.0,61.0,28.0
07/09/2021,95.0,50.0,37.0
08/09/2021,79.0,53.0,38.0
09/09/2021,90.0,55.0,42.0
10/09/2021,101.0,72.0,34.0
11/09/2021,122.0,69.0,29.0
12/09/2021,108.0,78.0,33.0
13/09/2021,90.0,54.0,22.0
14/09/2021,97.0,51.0,36.0
15/09/2021,97.0,49.0,36.0
16/09/2021,80.0,51.0,38.0
17/09/2021,96.0,59.0,40.0
18/09/2021,121.0,80.0,40.0
19/09/2021,111.0,69.0,29.0
20/09/2021,82.0,64.0,21.0
21/09/2021,115.0,57.0,25.0
22/09/2021,101.0,56.0,39.0
23/09/2021,83.0,57.0,41.0
24/09/2021,133.0,61.0,42.0
25/09/2021,144.0,59.0,47.0
26/09/2021,132.0,77.0,34.0
27/09/2021,103.0,72.0,31.0
28/09/2021,105.0,57.0,32.0
29/09/2021,112.0,43.0,35.0
30/09/2021,84.0,58.0,38.0
01/10/2021,106.0,77.0,39.0
02/10/2021,120.0,90.0,41.0
03/10/2021,111.0,72.0,43.0
04/10/2021,94.0,59.0,30.0
05/10/2021,91.0,52.0,37.0
06/10/2021,92.0,61.0,29.0
07/10/2021,100.0,56.0,39.0
08/10/2021,109.0,72.0,43.0
09/10/2021,137.0,74.0,41.0
10/10/2021,128.0,71.0,34.0
11/10/2021,91.0,62.0,27.0
12/10/2021,95.0,52.0,37.0
13/10/2021,85.0,56.0,35.0
14/10/2021,92.0,65.0,33.0
15/10/2021,123.0,59.0,44.0
16/10/2021,139.0,77.0,45.0
17/10/2021,119.0,83.0,42.0
18/10/2021,87.0,64.0,26.0
19/10/2021,72.0,58.0,34.0
20/10/2021,81.0,56.0,37.0
21/10/2021,112.0,66.0,32.0
22/10/2021,131.0,69.0,29.0
23/10/2021,91.0,90.0,43.0
24/10/2021,74.0,77.0,36.0
25/10/2021,92.0,66.0,30.0
26/10/2021,84.0,63.0,36.0
27/10/2021,105.0,70.0,38.0
28/10/2021,95.0,72.0,29.0
29/10/2021,110.0,77.0,32.0
30/10/2021,148.0,80.0,37.0
31/10/2021,97.0,80.0,43.0
01/11/2021,99.0,82.0,33.0
02/11/2021,87.0,49.0,23.0
03/11/2021,101.0,67.0,38.0
04/11/2021,107.0,63.0,41.0
05/11/2021,122.0,62.0,32.0
06/11/2021,123.0,78.0,45.0
07/11/2021,94.0,74.0,44.0
08/11/2021,110.0,43.0,30.0
09/11/2021,92.0,57.0,22.0
10/11/2021,97.0,64.0,34.0
11/11/2021,110.0,72.0,42.0
12/11/2021,123.0,67.0,33.0
13/11/2021,110.0,69.0,35.0
14/11/2021,102.0,67.0,37.0
15/11/2021,98.0,52.0,24.0
16/11/2021,95.0,45.0,33.0
17/11/2021,75.0,49.0,33.0
18/11/2021,75.0,42.0,34.0
19/11/2021,92.0,58.0,30.0
20/11/2021,101.0,74.0,29.0
21/11/2021,100.0,58.0,34.0
22/11/2021,76.0,54.0,27.0
23/11/2021,68.0,46.0,32.0
24/11/2021,74.0,63.0,29.0
25/11/2021,112.0,53.0,33.0
26/11/2021,90.0,58.0,20.0
27/11/2021,106.0,78.0,27.0
28/11/2021,72.0,46.0,27.0
29/11/2021,49.0,37.0,24.0
30/11/2021,46.0,30.0,25.0
01/12/2021,55.0,40.0,23.0
02/12/2021,47.0,31.0,26.0
03/12/2021,58.0,39.0,24.0
04/12/2021,64.0,50.0,29.0
05/12/2021,65.0,46.0,27.0
06/12/2021,44.0,37.0,22.0
07/12/2021,45.0,35.0,24.0
08/12/2021,49.0,38.0,27.0
09/12/2021,56.0,32.0,28.0
10/12/2021,52.0,33.0,22.0
11/12/2021,76.0,51.0,28.0
12/12/2021,65.0,45.0,27.0
13/12/2021,48.0,34.0,21.0
14/12/2021,47.0,32.0,23.0
15/12/2021,46.0,33.0,24.0
16/12/2021,53.0,33.0,19.0
17/12/2021,50.0,40.0,22.0
18/12/2021,96.0,52.0,26.0
19/12/2021,41.0,4.0,16.0
20/12/2021,0.0,17.0,0.0
21/12/2021,0.0,0.0,0.0
22/12/2021,0.0,0.0,0.0
23/12/2021,0.0,0.0,0.0
24/12/2021,0.0,0.0,0.0
25/12/2021,0.0,0.0,0.0
26/12/2021,0.0,0.0,0.0
27/12/2021,0.0,0.0,0.0
28/12/2021,0.0,0.0,0.0
29/12/2021,0.0,0.0,0.0
30/12/2021,0.0,0.0,0.0
31/12/2021,0.0,0.0,0.0
01/01/2022,0.0,0.0,0.0
02/01/2022,0.0,0.0,0.0
03/01/2022,0.0,0.0,0.0
04/01/2022,0.0,0.0,0.0
05/01/2022,0.0,0.0,0.0
06/01/2022,0.0,0.0,0.0
07/01/2022,0.0,0.0,0.0
08/01/2022,0.0,0.0,0.0
09/01/2022,0.0,0.0,0.0
10/01/2022,7.0,0.0,0.0
11/01/2022,0.0,0.0,0.0
12/01/2022,0.0,0.0,0.0
13/01/2022,0.0,0.0,0.0
14/01/2022,0.0,12.0,11.0
15/01/2022,0.0,0.0,0.0
16/01/2022,0.0,0.0,0.0
17/01/2022,0.0,0.0,0.0
18/01/2022,0.0,0.0,0.0
19/01/2022,0.0,0.0,0.0
20/01/2022,4.0,0.0,0.0
21/01/2022,0.0,0.0,0.0
22/01/2022,0.0,0.0,0.0
23/01/2022,0.0,0.0,0.0
24/01/2022,0.0,10.0,0.0
25/01/2022,8.0,29.0,4.0
26/01/2022,101.0,60.0,37.0
27/01/2022,107.0,54.0,36.0
28/01/2022,98.0,57.0,39.0
29/01/2022,127.0,65.0,43.0
30/01/2022,127.0,59.0,41.0
31/01/2022,67.0,39.0,34.0
01/02/2022,59.0,54.0,34.0
02/02/2022,79.0,48.0,37.0
03/02/2022,74.0,43.0,39.0
04/02/2022,87.0,48.0,39.0
05/02/2022,129.0,66.0,35.0
06/02/2022,79.0,52.0,37.0
07/02/2022,72.0,56.0,34.0
08/02/2022,68.0,62.0,33.0
09/02/2022,73.0,58.0,33.0
10/02/2022,83.0,55.0,39.0
11/02/2022,90.0,69.0,37.0
12/02/2022,127.0,73.0,34.0
13/02/2022,96.0,59.0,37.0
14/02/2022,93.0,65.0,39.0
15/02/2022,68.0,53.0,30.0
16/02/2022,64.0,60.0,32.0
17/02/2022,77.0,47.0,38.0
18/02/2022,67.0,58.0,36.0
19/02/2022,121.0,83.0,44.0
20/02/2022,85.0,68.0,38.0
21/02/2022,61.0,54.0,29.0
22/02/2022,76.0,49.0,32.0
23/02/2022,71.0,59.0,38.0
24/02/2022,76.0,58.0,43.0
25/02/2022,97.0,65.0,38.0
26/02/2022,125.0,85.0,44.0
27/02/2022,100.0,83.0,39.0
28/02/2022,85.0,59.0,37.0
01/03/2022,82.0,69.0,39.0
02/03/2022,79.0,69.0,36.0
03/03/2022,78.0,57.0,38.0
04/03/2022,110.0,76.0,36.0
05/03/2022,122.0,98.0,35.0
06/03/2022,122.0,90.0,40.0
07/03/2022,79.0,68.0,34.0
08/03/2022,76.0,64.0,33.0
09/03/2022,84.0,68.0,34.0
10/03/2022,78.0,69.0,40.0
11/03/2022,94.0,71.0,39.0
12/03/2022,122.0,92.0,34.0
13/03/2022,108.0,78.0,40.0
14/03/2022,83.0,72.0,35.0
15/03/2022,77.0,64.0,38.0
16/03/2022,74.0,70.0,39.0
17/03/2022,90.0,63.0,32.0
18/03/2022,100.0,73.0,30.0
19/03/2022,130.0,84.0,50.0
20/03/2022,104.0,80.0,32.0
21/03/2022,88.0,64.0,32.0
22/03/2022,82.0,66.0,39.0
23/03/2022,105.0,70.0,35.0
24/03/2022,105.0,70.0,30.0
25/03/2022,122.0,81.0,33.0
26/03/2022,134.0,92.0,43.0
27/03/2022,122.0,86.0,43.0
28/03/2022,104.0,78.0,33.0
29/03/2022,97.0,65.0,41.0
30/03/2022,104.0,68.0,37.0
31/03/2022,101.0,68.0,40.0
01/04/2022,106.0,65.0,40.0
02/04/2022,133.0,85.0,46.0
03/04/2022,120.0,67.0,55.0
04/04/2022,99.0,74.0,31.0
05/04/2022,92.0,70.0,39.0
06/04/2022,100.0,67.0,37.0
07/04/2022,100.0,82.0,38.0
08/04/2022,115.0,89.0,43.0
09/04/2022,142.0,100.0,43.0
10/04/2022,126.0,80.0,44.0
11/04/2022,119.0,70.0,32.0
12/04/2022,114.0,68.0,40.0
13/04/2022,117.0,75.0,36.0
14/04/2022,113.0,78.0,40.0
15/04/2022,141.0,85.0,44.0
16/04/2022,141.0,95.0,36.0
17/04/2022,135.0,79.0,57.0
18/04/2022,147.0,79.0,53.0
19/04/2022,109.0,81.0,41.0
20/04/2022,121.0,84.0,36.0
21/04/2022,116.0,84.0,43.0
22/04/2022,125.0,93.0,44.0
23/04/2022,141.0,94.0,42.0
24/04/2022,130.0,100.0,46.0
25/04/2022,121.0,72.0,37.0
26/04/2022,128.0,74.0,39.0
27/04/2022,115.0,83.0,42.0
28/04/2022,100.0,67.0,48.0
29/04/2022,116.0,93.0,53.0
30/04/2022,159.0,96.0,61.0
01/05/2022,126.0,79.0,68.0
02/05/2022,110.0,69.0,38.0
03/05/2022,110.0,73.0,45.0
04/05/2022,128.0,82.0,53.0
05/05/2022,127.0,74.0,46.0
06/05/2022,140.0,87.0,56.0
07/05/2022,164.0,98.0,41.0
08/05/2022,117.0,67.0,44.0
09/05/2022,127.0,81.0,37.0
10/05/2022,109.0,68.0,43.0
11/05/2022,121.0,68.0,32.0
12/05/2022,116.0,78.0,48.0
13/05/2022,114.0,75.0,46.0
14/05/2022,140.0,91.0,40.0
15/05/2022,123.0,82.0,46.0
16/05/2022,103.0,80.0,35.0
17/05/2022,118.0,79.0,40.0
18/05/2022,106.0,81.0,35.0
19/05/2022,109.0,72.0,50.0
20/05/2022,106.0,83.0,50.0
21/05/2022,139.0,85.0,40.0
22/05/2022,140.0,73.0,56.0
23/05/2022,126.0,78.0,44.0
24/05/2022,118.0,75.0,45.0
25/05/2022,111.0,89.0,45.0
26/05/2022,134.0,83.0,43.0
27/05/2022,158.0,91.0,60.0
28/05/2022,134.0,89.0,51.0
29/05/2022,143.0,71.0,56.0
30/05/2022,134.0,81.0,41.0
31/05/2022,123.0,68.0,40.0
01/06/2022,125.0,80.0,36.0
02/06/2022,125.0,73.0,39.0
03/06/2022,138.0,84.0,49.0
04/06/2022,141.0,90.0,54.0
05/06/2022,148.0,76.0,55.0
06/06/2022,133.0,86.0,51.0
07/06/2022,120.0,81.0,46.0
08/06/2022,136.0,89.0,37.0
09/06/2022,120.0,80.0,32.0
10/06/2022,149.0,87.0,41.0
11/06/2022,136.0,95.0,41.0
12/06/2022,128.0,77.0,57.0
13/06/2022,130.0,82.0,39.0
14/06/2022,129.0,76.0,50.0
15/06/2022,139.0,89.0,36.0
16/06/2022,133.0,87.0,38.0
17/06/2022,134.0,78.0,40.0
18/06/2022,153.0,88.0,49.0
19/06/2022,136.0,76.0,57.0
20/06/2022,126.0,79.0,47.0
21/06/2022,136.0,73.0,38.0
22/06/2022,132.0,80.0,44.0
23/06/2022,148.0,83.0,44.0
24/06/2022,146.0,84.0,49.0
25/06/2022,152.0,85.0,53.0
26/06/2022,157.0,72.0,58.0
27/06/2022,125.0,82.0,44.0
28/06/2022,124.0,74.0,38.0
29/06/2022,127.0,83.0,51.0
30/06/2022,120.0,86.0,42.0
01/07/2022,136.0,80.0,48.0
02/07/2022,160.0,92.0,50.0
03/07/2022,156.0,102.0,46.0
04/07/2022,129.0,76.0,38.0
05/07/2022,133.0,84.0,47.0
06/07/2022,127.0,76.0,41.0
07/07/2022,130.0,85.0,51.0
08/07/2022,151.0,82.0,49.0
09/07/2022,158.0,94.0,59.0
10/07/2022,129.0,79.0,43.0
11/07/2022,133.0,79.0,45.0
12/07/2022,125.0,81.0,47.0
13/07/2022,143.0,82.0,42.0
14/07/2022,132.0,87.0,49.0
15/07/2022,143.0,79.0,52.0
16/07/2022,170.0,85.0,49.0
17/07/2022,151.0,85.0,47.0
18/07/2022,124.0,79.0,46.0
19/07/2022,129.0,79.0,54.0
20/07/2022,132.0,81.0,41.0
21/07/2022,125.0,89.0,50.0
22/07/2022,142.0,88.0,49.0
23/07/2022,152.0,94.0,54.0
24/07/2022,153.0,87.0,43.0
25/07/2022,142.0,84.0,39.0
26/07/2022,122.0,79.0,47.0
27/07/2022,132.0,87.0,50.0
28/07/2022,133.0,91.0,42.0
29/07/2022,142.0,94.0,51.0
30/07/2022,156.0,100.0,46.0
31/07/2022,131.0,86.0,44.0
01/08/2022,143.0,76.0,38.0
02/08/2022,146.0,78.0,50.0
03/08/2022,144.0,89.0,54.0
04/08/2022,149.0,86.0,49.0
05/08/2022,157.0,79.0,42.0
06/08/2022,151.0,82.0,53.0
07/08/2022,147.0,82.0,34.0
08/08/2022,127.0,81.0,50.0
09/08/2022,130.0,92.0,52.0
10/08/2022,121.0,93.0,30.0
11/08/2022,161.0,88.0,52.0
12/08/2022,154.0,78.0,49.0
13/08/2022,143.0,76.0,63.0
14/08/2022,126.0,80.0,57.0
15/08/2022,110.0,77.0,51.0
16/08/2022,152.0,90.0,54.0
17/08/2022,141.0,78.0,51.0
18/08/2022,160.0,76.0,56.0
19/08/2022,157.0,91.0,60.0
20/08/2022,158.0,105.0,53.0
21/08/2022,152.0,75.0,58.0
22/08/2022,132.0,82.0,51.0
23/08/2022,149.0,87.0,54.0
24/08/2022,138.0,72.0,41.0
25/08/2022,136.0,81.0,48.0
26/08/2022,162.0,100.0,52.0
27/08/2022,155.0,100.0,58.0
28/08/2022,144.0,80.0,59.0
29/08/2022,130.0,80.0,43.0
30/08/2022,145.0,90.0,50.0
31/08/2022,152.0,86.0,53.0
01/09/2022,150.0,92.0,54.0
02/09/2022,159.0,94.0,51.0
03/09/2022,138.0,102.0,60.0
04/09/2022,144.0,82.0,62.0
05/09/2022,136.0,84.0,45.0
06/09/2022,136.0,83.0,53.0
07/09/2022,132.0,88.0,42.0
08/09/2022,142.0,81.0,43.0
09/09/2022,148.0,95.0,44.0
10/09/2022,166.0,95.0,58.0
11/09/2022,155.0,98.0,50.0
12/09/2022,148.0,93.0,44.0
13/09/2022,146.0,87.0,46.0
14/09/2022,147.0,80.0,44.0
15/09/2022,136.0,91.0,53.0
16/09/2022,151.0,98.0,53.0
17/09/2022,172.0,97.0,58.0
18/09/2022,157.0,86.0,50.0
19/09/2022,126.0,74.0,37.0
20/09/2022,136.0,75.0,48.0
21/09/2022,125.0,79.0,42.0
22/09/2022,131.0,74.0,47.0
23/09/2022,138.0,91.0,46.0
24/09/2022,167.0,79.0,51.0
25/09/2022,145.0,90.0,48.0
26/09/2022,122.0,78.0,37.0
27/09/2022,112.0,70.0,46.0
28/09/2022,127.0,68.0,37.0
29/09/2022,123.0,76.0,42.0
30/09/2022,129.0,93.0,49.0
01/10/2022,147.0,87.0,56.0
02/10/2022,140.0,71.0,57.0
03/10/2022,115.0,67.0,41.0
04/10/2022,130.0,70.0,47.0
05/10/2022,132.0,81.0,33.0
06/10/2022,140.0,92.0,41.0
07/10/2022,134.0,88.0,49.0
08/10/2022,159.0,93.0,53.0
09/10/2022,138.0,81.0,56.0
10/10/2022,130.0,83.0,41.0
11/10/2022,108.0,79.0,47.0
12/10/2022,132.0,79.0,44.0
13/10/2022,113.0,86.0,38.0
14/10/2022,148.0,89.0,45.0
15/10/2022,161.0,89.0,47.0
16/10/2022,151.0,77.0,57.0
17/10/2022,125.0,79.0,32.0
18/10/2022,125.0,85.0,40.0
19/10/2022,123.0,74.0,33.0
20/10/2022,125.0,97.0,28.0
21/10/2022,151.0,100.0,47.0
22/10/2022,152.0,96.0,42.0
23/10/2022,123.0,70.0,54.0
24/10/2022,120.0,77.0,32.0
25/10/2022,115.0,78.0,46.0
26/10/2022,132.0,76.0,42.0
27/10/2022,123.0,76.0,38.0
28/10/2022,148.0,78.0,52.0
29/10/2022,151.0,93.0,50.0
30/10/2022,165.0,83.0,45.0
31/10/2022,114.0,86.0,37.0
01/11/2022,131.0,87.0,47.0
02/11/2022,124.0,75.0,45.0
03/11/2022,128.0,73.0,40.0
04/11/2022,132.0,78.0,46.0
05/11/2022,158.0,91.0,49.0
06/11/2022,124.0,87.0,45.0
07/11/2022,106.0,71.0,30.0
08/11/2022,112.0,71.0,44.0
09/11/2022,127.0,76.0,37.0
10/11/2022,120.0,73.0,38.0
11/11/2022,138.0,76.0,42.0
12/11/2022,190.0,101.0,55.0
13/11/2022,145.0,86.0,44.0
14/11/2022,128.0,83.0,43.0
15/11/2022,135.0,82.0,45.0
16/11/2022,157.0,76.0,39.0
17/11/2022,134.0,92.0,42.0
18/11/2022,157.0,86.0,44.0
19/11/2022,179.0,100.0,44.0
20/11/2022,153.0,91.0,53.0
21/11/2022,140.0,74.0,34.0
22/11/2022,130.0,83.0,46.0
23/11/2022,127.0,80.0,44.0
24/11/2022,140.0,91.0,40.0
25/11/2022,150.0,84.0,46.0
26/11/2022,155.0,94.0,50.0
27/11/2022,132.0,82.0,52.0
28/11/2022,114.0,71.0,31.0
29/11/2022,114.0,71.0,44.0
30/11/2022,129.0,83.0,35.0
01/12/2022,125.0,83.0,38.0
02/12/2022,147.0,91.0,48.0
03/12/2022,147.0,86.0,51.0
04/12/2022,126.0,89.0,53.0
05/12/2022,107.0,76.0,30.0
06/12/2022,121.0,83.0,47.0
07/12/2022,114.0,77.0,36.0
08/12/2022,129.0,68.0,51.0
09/12/2022,126.0,90.0,53.0
10/12/2022,152.0,94.0,57.0
11/12/2022,132.0,94.0,53.0
12/12/2022,110.0,81.0,30.0
13/12/2022,103.0,79.0,24.0
14/12/2022,101.0,73.0,44.0
15/12/2022,95.0,84.0,29.0
16/12/2022,127.0,78.0,53.0
17/12/2022,175.0,89.0,49.0
18/12/2022,99.0,89.0,55.0
19/12/2022,104.0,79.0,30.0
20/12/2022,100.0,79.0,48.0
21/12/2022,119.0,90.0,28.0
22/12/2022,124.0,84.0,37.0
23/12/2022,163.0,84.0,52.0
24/12/2022,60.0,56.0,25.0
25/12/2022,145.0,77.0,17.0
26/12/2022,146.0,85.0,53.0
27/12/2022,139.0,84.0,55.0
28/12/2022,119.0,93.0,47.0
29/12/2022,166.0,87.0,57.0
30/12/2022,159.0,87.0,54.0
31/12/2022,130.0,94.0,51.0
01/01/2023,154.0,80.0,54.0
02/01/2023,135.0,69.0,41.0
03/01/2023,109.0,68.0,53.0
04/01/2023,108.0,70.0,49.0
05/01/2023,150.0,79.0,48.0
06/01/2023,126.0,73.0,61.0
07/01/2023,173.0,93.0,42.0
08/01/2023,101.0,89.0,44.0
09/01/2023,118.0,74.0,29.0
10/01/2023,78.0,71.0,48.0
11/01/2023,104.0,85.0,47.0
12/01/2023,106.0,80.0,43.0
13/01/2023,131.0,78.0,51.0
14/01/2023,162.0,92.0,58.0
15/01/2023,93.0,80.0,41.0
16/01/2023,75.0,67.0,28.0
17/01/2023,98.0,80.0,52.0
18/01/2023,69.0,67.0,34.0
19/01/2023,89.0,76.0,38.0
20/01/2023,113.0,75.0,42.0
21/01/2023,136.0,96.0,56.0
22/01/2023,114.0,83.0,44.0
23/01/2023,77.0,78.0,38.0
24/01/2023,102.0,59.0,46.0
25/01/2023,101.0,67.0,52.0
26/01/2023,101.0,87.0,39.0
27/01/2023,134.0,76.0,45.0
28/01/2023,145.0,101.0,40.0
29/01/2023,99.0,90.0,49.0
30/01/2023,87.0,71.0,39.0
31/01/2023,89.0,69.0,49.0
01/02/2023,111.0,76.0,37.0
02/02/2023,105.0,76.0,47.0
03/02/2023,132.0,96.0,51.0
04/02/2023,128.0,97.0,55.0
05/02/2023,110.0,83.0,43.0
06/02/2023,102.0,76.0,42.0
07/02/2023,83.0,83.0,49.0
08/02/2023,80.0,64.0,37.0
09/02/2023,96.0,74.0,53.0
10/02/2023,140.0,83.0,41.0
11/02/2023,164.0,86.0,57.0
12/02/2023,78.0,82.0,51.0
13/02/2023,104.0,66.0,41.0
14/02/2023,165.0,85.0,62.0
15/02/2023,93.0,82.0,43.0
16/02/2023,128.0,86.0,50.0
17/02/2023,153.0,85.0,44.0
18/02/2023,133.0,100.0,34.0
19/02/2023,104.0,81.0,45.0
20/02/2023,88.0,71.0,40.0
21/02/2023,103.0,79.0,48.0
22/02/2023,104.0,84.0,44.0
23/02/2023,122.0,101.0,50.0
24/02/2023,162.0,87.0,49.0
25/02/2023,175.0,100.0,56.0
26/02/2023,131.0,85.0,44.0
27/02/2023,109.0,81.0,39.0
28/02/2023,93.0,76.0,50.0
01/03/2023,113.0,96.0,47.0
02/03/2023,132.0,92.0,35.0
03/03/2023,158.0,101.0,52.0
04/03/2023,167.0,88.0,58.0
05/03/2023,130.0,78.0,43.0
06/03/2023,114.0,78.0,39.0
07/03/2023,111.0,79.0,43.0
08/03/2023,94.0,89.0,44.0
09/03/2023,170.0,86.0,43.0
10/03/2023,157.0,92.0,42.0
11/03/2023,173.0,104.0,40.0
12/03/2023,113.0,90.0,42.0
13/03/2023,0.0,0.0,0.0
14/03/2023,69.0,67.0,37.0
15/03/2023,107.0,90.0,27.0
16/03/2023,129.0,95.0,36.0
17/03/2023,176.0,99.0,47.0
18/03/2023,181.0,97.0,43.0
19/03/2023,142.0,74.0,51.0
20/03/2023,110.0,68.0,42.0
21/03/2023,92.0,75.0,50.0
22/03/2023,116.0,71.0,46.0
23/03/2023,132.0,82.0,46.0
24/03/2023,156.0,80.0,50.0
25/03/2023,170.0,96.0,41.0
26/03/2023,126.0,73.0,48.0
27/03/2023,127.0,73.0,45.0
28/03/2023,92.0,78.0,48.0
29/03/2023,102.0,74.0,52.0
30/03/2023,119.0,78.0,37.0
31/03/2023,151.0,84.0,53.0
01/04/2023,173.0,89.0,53.0
02/04/2023,137.0,88.0,49.0
03/04/2023,134.0,78.0,45.0
04/04/2023,94.0,84.0,48.0
05/04/2023,138.0,83.0,47.0
06/04/2023,146.0,89.0,43.0
07/04/2023,201.0,85.0,49.0
08/04/2023,191.0,85.0,41.0
09/04/2023,198.0,78.0,64.0
10/04/2023,154.0,79.0,68.0
11/04/2023,81.0,71.0,53.0
12/04/2023,115.0,77.0,52.0
13/04/2023,142.0,76.0,51.0
14/04/2023,130.0,73.0,51.0
15/04/2023,169.0,99.0,47.0
16/04/2023,134.0,73.0,57.0
17/04/2023,113.0,85.0,48.0
18/04/2023,105.0,85.0,51.0
19/04/2023,114.0,88.0,52.0
20/04/2023,140.0,74.0,55.0
21/04/2023,115.0,89.0,61.0
22/04/2023,187.0,99.0,58.0
23/04/2023,163.0,91.0,58.0
24/04/2023,118.0,97.0,55.0
25/04/2023,116.0,81.0,64.0
26/04/2023,132.0,85.0,54.0
27/04/2023,112.0,67.0,59.0
28/04/2023,164.0,72.0,61.0
29/04/2023,190.0,90.0,55.0
30/04/2023,158.0,88.0,66.0
01/05/2023,136.0,88.0,54.0
02/05/2023,132.0,89.0,56.0
03/05/2023,175.0,105.0,44.0
04/05/2023,153.0,98.0,63.0
05/05/2023,168.0,81.0,59.0
06/05/2023,174.0,82.0,64.0
07/05/2023,129.0,84.0,62.0
08/05/2023,130.0,84.0,52.0
09/05/2023,106.0,98.0,55.0
10/05/2023,116.0,105.0,54.0
11/05/2023,146.0,93.0,61.0
12/05/2023,193.0,80.0,65.0
13/05/2023,187.0,80.0,57.0
14/05/2023,159.0,99.0,60.0
15/05/2023,114.0,85.0,53.0
16/05/2023,97.0,84.0,55.0
17/05/2023,123.0,101.0,55.0
18/05/2023,182.0,94.0,60.0
19/05/2023,153.0,94.0,64.0
20/05/2023,177.0,86.0,62.0
21/05/2023,132.0,85.0,62.0
22/05/2023,141.0,72.0,55.0
23/05/2023,111.0,79.0,56.0
24/05/2023,127.0,106.0,54.0
25/05/2023,146.0,97.0,60.0
26/05/2023,121.0,100.0,64.0
27/05/2023,171.0,103.0,64.0
28/05/2023,151.0,85.0,62.0
29/05/2023,140.0,91.0,63.0
30/05/2023,50.0,87.0,49.0
31/05/2023,97.0,88.0,52.0
01/06/2023,149.0,107.0,57.0
02/06/2023,175.0,89.0,67.0
03/06/2023,163.0,109.0,67.0
04/06/2023,150.0,80.0,74.0
05/06/2023,154.0,61.0,53.0
06/06/2023,149.0,91.0,56.0
07/06/2023,139.0,103.0,53.0
08/06/2023,163.0,85.0,60.0
09/06/2023,177.0,98.0,64.0
10/06/2023,149.0,104.0,69.0
11/06/2023,143.0,77.0,69.0
12/06/2023,141.0,73.0,53.0
13/06/2023,121.0,58.0,62.0
14/06/2023,144.0,92.0,53.0
15/06/2023,168.0,80.0,60.0
16/06/2023,170.0,110.0,69.0
17/06/2023,128.0,88.0,60.0
18/06/2023,145.0,72.0,74.0
19/06/2023,140.0,82.0,53.0
20/06/2023,125.0,76.0,57.0
21/06/2023,126.0,101.0,53.0
22/06/2023,153.0,102.0,62.0
23/06/2023,177.0,88.0,66.0
24/06/2023,167.0,87.0,54.0
25/06/2023,137.0,75.0,59.0
26/06/2023,151.0,88.0,35.0
27/06/2023,127.0,71.0,63.0
28/06/2023,129.0,101.0,54.0
29/06/2023,155.0,85.0,59.0
30/06/2023,186.0,102.0,64.0
01/07/2023,165.0,62.0,64.0
02/07/2023,166.0,62.0,65.0
03/07/2023,130.0,88.0,40.0
04/07/2023,124.0,77.0,55.0
05/07/2023,74.0,76.0,51.0
06/07/2023,183.0,94.0,58.0
07/07/2023,184.0,92.0,66.0
08/07/2023,144.0,88.0,58.0
09/07/2023,134.0,83.0,47.0
10/07/2023,126.0,94.0,55.0
11/07/2023,129.0,95.0,48.0
12/07/2023,114.0,106.0,54.0
13/07/2023,162.0,103.0,62.0
14/07/2023,165.0,98.0,68.0
15/07/2023,148.0,90.0,59.0
16/07/2023,152.0,98.0,46.0
17/07/2023,138.0,104.0,49.0
18/07/2023,110.0,83.0,63.0
19/07/2023,139.0,103.0,54.0
20/07/2023,176.0,101.0,61.0
21/07/2023,174.0,77.0,61.0
22/07/2023,160.0,99.0,36.0
23/07/2023,149.0,100.0,67.0
24/07/2023,116.0,99.0,39.0
25/07/2023,124.0,105.0,54.0
26/07/2023,129.0,99.0,46.0
27/07/2023,160.0,84.0,59.0
28/07/2023,161.0,101.0,67.0
29/07/2023,135.0,104.0,61.0
30/07/2023,128.0,99.0,69.0
31/07/2023,125.0,85.0,62.0
01/08/2023,115.0,90.0,62.0
02/08/2023,128.0,111.0,53.0
03/08/2023,154.0,103.0,70.0
04/08/2023,165.0,106.0,64.0
05/08/2023,134.0,98.0,64.0
06/08/2023,126.0,96.0,67.0
07/08/2023,169.0,121.0,51.0
08/08/2023,151.0,103.0,55.0
09/08/2023,153.0,98.0,51.0
10/08/2023,172.0,99.0,76.0
11/08/2023,141.0,85.0,70.0
12/08/2023,145.0,82.0,53.0
13/08/2023,146.0,70.0,78.0
14/08/2023,152.0,90.0,52.0
15/08/2023,148.0,89.0,45.0
16/08/2023,164.0,98.0,40.0
17/08/2023,129.0,94.0,58.0
18/08/2023,167.0,99.0,65.0
19/08/2023,124.0,97.0,56.0
20/08/2023,105.0,94.0,65.0
21/08/2023,129.0,70.0,67.0
22/08/2023,166.0,86.0,49.0
23/08/2023,163.0,96.0,47.0
24/08/2023,137.0,102.0,58.0
25/08/2023,137.0,76.0,59.0
26/08/2023,194.0,89.0,68.0
27/08/2023,114.0,73.0,56.0
28/08/2023,126.0,67.0,61.0
29/08/2023,154.0,87.0,54.0
30/08/2023,142.0,97.0,53.0
31/08/2023,122.0,97.0,56.0
01/09/2023,148.0,104.0,51.0
02/09/2023,200.0,98.0,59.0
03/09/2023,127.0,71.0,52.0
04/09/2023,125.0,64.0,54.0
05/09/2023,149.0,84.0,56.0
06/09/2023,126.0,74.0,51.0
07/09/2023,140.0,83.0,58.0
08/09/2023,171.0,96.0,66.0
09/09/2023,174.0,97.0,59.0
10/09/2023,138.0,89.0,61.0
11/09/2023,137.0,66.0,47.0
12/09/2023,134.0,82.0,48.0
13/09/2023,125.0,83.0,54.0
14/09/2023,154.0,91.0,121.0
15/09/2023,209.0,95.0,74.0
16/09/2023,179.0,108.0,46.0
17/09/2023,153.0,91.0,67.0
18/09/2023,127.0,77.0,52.0
19/09/2023,120.0,86.0,51.0
20/09/2023,124.0,81.0,46.0
21/09/2023,137.0,101.0,52.0
22/09/2023,182.0,84.0,68.0
23/09/2023,189.0,96.0,58.0
24/09/2023,148.0,82.0,55.0
25/09/2023,128.0,94.0,48.0
26/09/2023,120.0,92.0,52.0
27/09/2023,120.0,78.0,50.0
28/09/2023,167.0,83.0,57.0
29/09/2023,187.0,90.0,61.0
30/09/2023,203.0,114.0,60.0
01/10/2023,143.0,94.0,57.0
02/10/2023,138.0,91.0,56.0
03/10/2023,121.0,103.0,41.0
04/10/2023,118.0,93.0,48.0
05/10/2023,147.0,88.0,50.0
06/10/2023,171.0,79.0,59.0
07/10/2023,185.0,91.0,49.0
08/10/2023,144.0,84.0,70.0
09/10/2023,129.0,93.0,48.0
10/10/2023,132.0,82.0,55.0
11/10/2023,139.0,98.0,51.0
12/10/2023,146.0,95.0,50.0
13/10/2023,178.0,86.0,64.0
14/10/2023,202.0,119.0,54.0
15/10/2023,159.0,81.0,51.0
16/10/2023,125.0,97.0,25.0
17/10/2023,140.0,101.0,47.0
18/10/2023,138.0,82.0,46.0
19/10/2023,182.0,94.0,61.0
20/10/2023,170.0,102.0,63.0
21/10/2023,154.0,83.0,29.0
22/10/2023,155.0,62.0,42.0
23/10/2023,124.0,68.0,52.0
24/10/2023,139.0,83.0,50.0
25/10/2023,164.0,90.0,54.0
26/10/2023,161.0,76.0,51.0
27/10/2023,202.0,85.0,55.0
28/10/2023,187.0,96.0,35.0
29/10/2023,157.0,81.0,47.0
30/10/2023,131.0,65.0,63.0
31/10/2023,135.0,72.0,41.0
01/11/2023,185.0,91.0,53.0
02/11/2023,187.0,89.0,66.0
03/11/2023,161.0,80.0,63.0
04/11/2023,215.0,107.0,55.0
05/11/2023,185.0,102.0,61.0
06/11/2023,138.0,79.0,61.0
07/11/2023,135.0,76.0,63.0
08/11/2023,157.0,87.0,52.0
09/11/2023,152.0,111.0,51.0
10/11/2023,201.0,108.0,68.0
11/11/2023,184.0,89.0,60.0
12/11/2023,167.0,91.0,56.0
13/11/2023,142.0,71.0,56.0
14/11/2023,150.0,63.0,58.0
15/11/2023,188.0,99.0,58.0
16/11/2023,195.0,99.0,60.0
17/11/2023,218.0,109.0,64.0
18/11/2023,218.0,102.0,61.0
19/11/2023,173.0,90.0,64.0
20/11/2023,134.0,74.0,54.0
21/11/2023,137.0,85.0,62.0
22/11/2023,148.0,80.0,53.0
23/11/2023,160.0,87.0,58.0
24/11/2023,167.0,96.0,47.0
25/11/2023,229.0,83.0,41.0
26/11/2023,181.0,65.0,68.0
27/11/2023,110.0,82.0,50.0
28/11/2023,115.0,78.0,54.0
29/11/2023,122.0,86.0,54.0
30/11/2023,155.0,85.0,59.0
01/12/2023,192.0,91.0,64.0
02/12/2023,210.0,98.0,36.0
03/12/2023,152.0,84.0,64.0
04/12/2023,146.0,67.0,51.0
05/12/2023,127.0,73.0,53.0
06/12/2023,119.0,83.0,53.0
07/12/2023,155.0,70.0,70.0
08/12/2023,190.0,94.0,65.0
09/12/2023,215.0,91.0,58.0
10/12/2023,134.0,76.0,45.0
11/12/2023,106.0,63.0,44.0
12/12/2023,105.0,56.0,45.0
13/12/2023,135.0,75.0,36.0
14/12/2023,127.0,97.0,57.0
15/12/2023,166.0,98.0,61.0
16/12/2023,188.0,96.0,44.0
17/12/2023,128.0,80.0,52.0
18/12/2023,109.0,81.0,52.0
19/12/2023,115.0,74.0,44.0
20/12/2023,123.0,63.0,31.0
21/12/2023,128.0,78.0,46.0
22/12/2023,177.0,85.0,48.0
23/12/2023,168.0,89.0,45.0
24/12/2023,51.0,43.0,38.0
25/12/2023,157.0,85.0,66.0
26/12/2023,175.0,79.0,69.0
27/12/2023,201.0,87.0,51.0
28/12/2023,156.0,84.0,48.0
29/12/2023,170.0,102.0,47.0
30/12/2023,143.0,87.0,60.0
31/12/2023,194.0,93.0,26.0
01/01/2024,137.0,74.0,54.0
02/01/2024,130.0,67.0,47.0
03/01/2024,143.0,73.0,40.0
04/01/2024,148.0,71.0,47.0
05/01/2024,150.0,85.0,59.0
06/01/2024,165.0,88.0,64.0
07/01/2024,105.0,80.0,58.0
08/01/2024,88.0,50.0,47.0
09/01/2024,76.0,57.0,52.0
10/01/2024,92.0,61.0,54.0
11/01/2024,110.0,56.0,38.0
12/01/2024,140.0,62.0,61.0
13/01/2024,155.0,80.0,59.0
14/01/2024,99.0,55.0,47.0
15/01/2024,82.0,53.0,46.0
16/01/2024,68.0,44.0,47.0
17/01/2024,86.0,45.0,37.0
18/01/2024,109.0,47.0,39.0
19/01/2024,127.0,61.0,48.0
20/01/2024,156.0,75.0,44.0
21/01/2024,116.0,67.0,49.0
22/01/2024,72.0,52.0,46.0
23/01/2024,61.0,44.0,44.0
24/01/2024,88.0,47.0,36.0
25/01/2024,87.0,49.0,41.0
26/01/2024,140.0,61.0,49.0
27/01/2024,173.0,79.0,57.0
28/01/2024,121.0,54.0,50.0
29/01/2024,73.0,50.0,36.0
30/01/2024,72.0,44.0,40.0
31/01/2024,110.0,55.0,51.0
01/02/2024,125.0,56.0,44.0
02/02/2024,141.0,72.0,50.0
03/02/2024,176.0,84.0,63.0
04/02/2024,111.0,67.0,56.0
05/02/2024,75.0,63.0,40.0
06/02/2024,76.0,46.0,46.0
07/02/2024,109.0,54.0,70.0
08/02/2024,125.0,58.0,44.0
09/02/2024,144.0,80.0,52.0
10/02/2024,171.0,77.0,48.0
11/02/2024,118.0,67.0,52.0
12/02/2024,97.0,69.0,34.0
13/02/2024,99.0,52.0,45.0
14/02/2024,162.0,80.0,45.0
15/02/2024,105.0,53.0,48.0
16/02/2024,140.0,64.0,60.0
17/02/2024,158.0,86.0,78.0
18/02/2024,126.0,68.0,54.0
19/02/2024,108.0,61.0,59.0
20/02/2024,87.0,50.0,60.0
21/02/2024,105.0,53.0,57.0
22/02/2024,97.0,54.0,56.0
23/02/2024,158.0,71.0,65.0
24/02/2024,179.0,69.0,64.0
25/02/2024,113.0,65.0,50.0
26/02/2024,66.0,49.0,43.0
27/02/2024,91.0,52.0,47.0
28/02/2024,102.0,56.0,45.0
29/02/2024,135.0,59.0,63.0
01/03/2024,194.0,69.0,66.0
02/03/2024,202.0,84.0,74.0
03/03/2024,136.0,65.0,57.0
04/03/2024,89.0,63.0,52.0
05/03/2024,96.0,58.0,55.0
06/03/2024,135.0,49.0,46.0
07/03/2024,126.0,64.0,52.0
08/03/2024,178.0,83.0,71.0
09/03/2024,185.0,98.0,70.0
10/03/2024,124.0,73.0,61.0
11/03/2024,95.0,57.0,56.0
12/03/2024,86.0,57.0,56.0
13/03/2024,95.0,58.0,48.0
14/03/2024,155.0,69.0,53.0
15/03/2024,183.0,74.0,62.0
16/03/2024,187.0,81.0,60.0
17/03/2024,150.0,66.0,58.0
18/03/2024,85.0,70.0,58.0
19/03/2024,96.0,62.0,62.0
20/03/2024,106.0,56.0,48.0
21/03/2024,152.0,77.0,59.0
22/03/2024,173.0,75.0,67.0
23/03/2024,162.0,90.0,67.0
24/03/2024,123.0,79.0,58.0
25/03/2024,104.0,80.0,56.0
26/03/2024,114.0,76.0,54.0
27/03/2024,125.0,65.0,53.0
28/03/2024,153.0,75.0,57.0
29/03/2024,198.0,83.0,80.0
30/03/2024,167.0,99.0,78.0
31/03/2024,190.0,89.0,67.0
01/04/2024,154.0,86.0,72.0
02/04/2024,114.0,72.0,62.0
03/04/2024,124.0,64.0,52.0
04/04/2024,146.0,62.0,49.0
05/04/2024,179.0,88.0,62.0
06/04/2024,200.0,93.0,77.0
07/04/2024,132.0,80.0,60.0
08/04/2024,132.0,78.0,70.0
09/04/2024,99.0,70.0,64.0
10/04/2024,150.0,72.0,57.0
11/04/2024,184.0,82.0,52.0
12/04/2024,197.0,83.0,70.0
13/04/2024,231.0,98.0,83.0
14/04/2024,161.0,73.0,57.0
15/04/2024,130.0,68.0,68.0
16/04/2024,138.0,85.0,69.0
17/04/2024,150.0,69.0,58.0
18/04/2024,188.0,84.0,53.0
19/04/2024,186.0,82.0,69.0
20/04/2024,205.0,89.0,82.0
21/04/2024,164.0,80.0,76.0
22/04/2024,136.0,80.0,67.0
23/04/2024,133.0,66.0,71.0
24/04/2024,147.0,68.0,67.0
25/04/2024,199.0,81.0,63.0
26/04/2024,195.0,84.0,80.0
27/04/2024,187.0,86.0,100.0
28/04/2024,148.0,78.0,69.0
29/04/2024,128.0,87.0,73.0
30/04/2024,145.0,69.0,92.0
01/05/2024,145.0,81.0,64.0
02/05/2024,193.0,92.0,71.0
03/05/2024,208.0,96.0,71.0
04/05/2024,210.0,112.0,84.0
05/05/2024,151.0,80.0,66.0
06/05/2024,136.0,91.0,65.0
07/05/2024,133.0,96.0,83.0
08/05/2024,156.0,92.0,52.0
09/05/2024,157.0,89.0,67.0
10/05/2024,206.0,81.0,70.0
11/05/2024,143.0,115.0,78.0
12/05/2024,148.0,71.0,63.0
13/05/2024,123.0,85.0,57.0
14/05/2024,141.0,83.0,60.0
15/05/2024,171.0,73.0,64.0
16/05/2024,184.0,99.0,69.0
17/05/2024,210.0,100.0,71.0
18/05/2024,203.0,110.0,83.0
19/05/2024,174.0,93.0,69.0
20/05/2024,137.0,100.0,56.0
21/05/2024,123.0,83.0,58.0
22/05/2024,150.0,122.0,57.0
23/05/2024,175.0,79.0,69.0
24/05/2024,201.0,85.0,73.0
25/05/2024,208.0,101.0,72.0
26/05/2024,152.0,82.0,65.0
27/05/2024,142.0,95.0,61.0
28/05/2024,153.0,86.0,63.0
29/05/2024,176.0,81.0,58.0
30/05/2024,163.0,78.0,67.0
31/05/2024,170.0,96.0,67.0
01/06/2024,208.0,104.0,72.0
02/06/2024,148.0,63.0,60.0
03/06/2024,109.0,93.0,56.0
04/06/2024,135.0,80.0,58.0
05/06/2024,152.0,91.0,56.0
06/06/2024,154.0,87.0,62.0
07/06/2024,184.0,103.0,64.0
08/06/2024,200.0,109.0,72.0
09/06/2024,139.0,91.0,63.0
10/06/2024,112.0,92.0,62.0
11/06/2024,146.0,88.0,62.0
12/06/2024,171.0,85.0,59.0
13/06/2024,169.0,83.0,65.0
14/06/2024,146.0,106.0,71.0
15/06/2024,170.0,99.0,67.0
16/06/2024,141.0,85.0,67.0
17/06/2024,142.0,95.0,56.0
18/06/2024,116.0,78.0,56.0
19/06/2024,176.0,76.0,64.0
20/06/2024,154.0,86.0,68.0
21/06/2024,176.0,106.0,70.0
22/06/2024,179.0,108.0,75.0
23/06/2024,152.0,93.0,71.0
24/06/2024,145.0,102.0,61.0
25/06/2024,133.0,92.0,74.0
26/06/2024,164.0,85.0,48.0
27/06/2024,174.0,82.0,66.0
28/06/2024,195.0,98.0,71.0
29/06/2024,197.0,93.0,69.0
30/06/2024,154.0,81.0,63.0
01/07/2024,148.0,78.0,57.0
02/07/2024,128.0,74.0,58.0
03/07/2024,162.0,85.0,56.0
04/07/2024,159.0,85.0,76.0
05/07/2024,171.0,95.0,68.0
06/07/2024,163.0,93.0,70.0
07/07/2024,190.0,82.0,64.0
08/07/2024,156.0,110.0,65.0
09/07/2024,188.0,104.0,62.0
10/07/2024,173.0,81.0,55.0
11/07/2024,201.0,87.0,69.0
12/07/2024,194.0,104.0,69.0
13/07/2024,199.0,85.0,69.0
14/07/2024,144.0,78.0,60.0
15/07/2024,151.0,82.0,64.0
16/07/2024,161.0,93.0,59.0
17/07/2024,168.0,85.0,56.0
18/07/2024,160.0,86.0,69.0
19/07/2024,172.0,94.0,70.0
20/07/2024,192.0,89.0,74.0
21/07/2024,160.0,79.0,63.0
22/07/2024,158.0,110.0,62.0
23/07/2024,141.0,98.0,64.0
24/07/2024,162.0,85.0,57.0
25/07/2024,154.0,78.0,68.0
26/07/2024,175.0,90.0,71.0
27/07/2024,177.0,91.0,76.0
28/07/2024,156.0,72.0,64.0
29/07/2024,149.0,96.0,65.0
30/07/2024,139.0,84.0,61.0
31/07/2024,165.0,120.0,55.0
01/08/2024,153.0,81.0,68.0
02/08/2024,180.0,89.0,69.0
03/08/2024,185.0,84.0,61.0
04/08/2024,166.0,78.0,64.0
05/08/2024,125.0,98.0,73.0
06/08/2024,147.0,80.0,57.0
07/08/2024,132.0,75.0,57.0
08/08/2024,158.0,81.0,60.0
09/08/2024,158.0,94.0,67.0
10/08/2024,176.0,93.0,70.0
11/08/2024,137.0,82.0,61.0
12/08/2024,118.0,82.0,54.0
13/08/2024,126.0,81.0,55.0
14/08/2024,121.0,78.0,56.0
15/08/2024,147.0,75.0,63.0
16/08/2024,158.0,85.0,65.0
17/08/2024,154.0,82.0,73.0
18/08/2024,158.0,76.0,58.0
19/08/2024,117.0,83.0,55.0
20/08/2024,114.0,81.0,57.0
21/08/2024,96.0,66.0,56.0
22/08/2024,141.0,74.0,66.0
23/08/2024,154.0,83.0,67.0
24/08/2024,164.0,82.0,65.0
25/08/2024,140.0,75.0,61.0
26/08/2024,118.0,70.0,56.0
27/08/2024,124.0,77.0,58.0
28/08/2024,125.0,87.0,55.0
29/08/2024,162.0,59.0,62.0
30/08/2024,169.0,78.0,67.0
31/08/2024,163.0,79.0,73.0
01/09/2024,116.0,66.0,57.0
02/09/2024,123.0,80.0,59.0
03/09/2024,105.0,64.0,57.0
04/09/2024,128.0,57.0,54.0
05/09/2024,157.0,76.0,62.0
06/09/2024,148.0,82.0,56.0
07/09/2024,199.0,80.0,73.0
08/09/2024,167.0,71.0,62.0
09/09/2024,139.0,73.0,58.0
10/09/2024,104.0,72.0,48.0
11/09/2024,106.0,75.0,58.0
12/09/2024,163.0,88.0,62.0
13/09/2024,171.0,84.0,69.0
14/09/2024,174.0,98.0,68.0
15/09/2024,132.0,75.0,65.0
16/09/2024,115.0,76.0,58.0
17/09/2024,96.0,81.0,59.0
18/09/2024,111.0,78.0,58.0
19/09/2024,146.0,80.0,64.0
20/09/2024,184.0,82.0,68.0
21/09/2024,171.0,97.0,75.0
22/09/2024,121.0,66.0,66.0
23/09/2024,116.0,75.0,60.0
24/09/2024,119.0,77.0,59.0
25/09/2024,124.0,87.0,58.0
26/09/2024,139.0,98.0,69.0
27/09/2024,178.0,94.0,72.0
28/09/2024,191.0,87.0,77.0
29/09/2024,126.0,67.0,66.0
30/09/2024,91.0,80.0,59.0
01/10/2024,130.0,80.0,58.0
02/10/2024,133.0,60.0,55.0
03/10/2024,144.0,85.0,66.0
04/10/2024,196.0,104.0,69.0
05/10/2024,173.0,82.0,71.0
06/10/2024,134.0,68.0,65.0
07/10/2024,112.0,79.0,60.0
08/10/2024,120.0,75.0,61.0
09/10/2024,119.0,74.0,55.0
10/10/2024,153.0,78.0,65.0
11/10/2024,175.0,85.0,68.0
12/10/2024,194.0,87.0,70.0
13/10/2024,138.0,60.0,65.0
14/10/2024,114.0,72.0,62.0
15/10/2024,122.0,65.0,60.0
16/10/2024,163.0,80.0,54.0
17/10/2024,164.0,74.0,63.0
18/10/2024,194.0,77.0,77.0
19/10/2024,198.0,86.0,70.0
20/10/2024,139.0,68.0,65.0
21/10/2024,129.0,88.0,62.0
22/10/2024,123.0,68.0,61.0
23/10/2024,117.0,72.0,56.0
24/10/2024,168.0,91.0,65.0
25/10/2024,181.0,75.0,69.0
26/10/2024,161.0,93.0,65.0
27/10/2024,128.0,75.0,66.0
28/10/2024,115.0,90.0,60.0
29/10/2024,125.0,77.0,60.0
30/10/2024,113.0,57.0,55.0
31/10/2024,157.0,87.0,66.0
01/11/2024,169.0,94.0,65.0
02/11/2024,179.0,94.0,80.0
03/11/2024,151.0,66.0,65.0
04/11/2024,85.0,82.0,57.0
05/11/2024,107.0,66.0,56.0
06/11/2024,98.0,62.0,57.0
07/11/2024,131.0,78.0,61.0
08/11/2024,173.0,96.0,65.0
09/11/2024,162.0,95.0,76.0
10/11/2024,131.0,76.0,63.0
11/11/2024,94.0,67.0,56.0
12/11/2024,103.0,63.0,56.0
13/11/2024,94.0,56.0,55.0
14/11/2024,123.0,77.0,57.0
15/11/2024,176.0,92.0,61.0
16/11/2024,186.0,97.0,69.0
17/11/2024,135.0,75.0,61.0
18/11/2024,81.0,69.0,59.0
19/11/2024,110.0,77.0,59.0
20/11/2024,117.0,72.0,56.0
21/11/2024,143.0,67.0,62.0
22/11/2024,190.0,92.0,64.0
23/11/2024,199.0,92.0,71.0
24/11/2024,111.0,73.0,63.0
25/11/2024,83.0,59.0,54.0
26/11/2024,96.0,57.0,54.0
27/11/2024,80.0,56.0,49.0
28/11/2024,134.0,67.0,61.0
29/11/2024,164.0,88.0,67.0
30/11/2024,188.0,90.0,73.0
01/12/2024,120.0,63.0,61.0
02/12/2024,88.0,57.0,54.0
03/12/2024,70.0,47.0,53.0
04/12/2024,74.0,60.0,49.0
05/12/2024,122.0,60.0,58.0
06/12/2024,156.0,66.0,65.0
07/12/2024,181.0,76.0,71.0
08/12/2024,116.0,60.0,59.0
09/12/2024,84.0,61.0,52.0
10/12/2024,104.0,73.0,54.0
11/12/2024,63.0,47.0,52.0
12/12/2024,160.0,67.0,59.0
13/12/2024,167.0,72.0,64.0
14/12/2024,190.0,80.0,71.0
15/12/2024,87.0,78.0,59.0
16/12/2024,76.0,60.0,53.0
17/12/2024,77.0,55.0,49.0
18/12/2024,85.0,50.0,48.0
19/12/2024,120.0,59.0,64.0
20/12/2024,144.0,76.0,58.0
21/12/2024,159.0,68.0,67.0
22/12/2024,115.0,63.0,56.0
23/12/2024,121.0,53.0,54.0
24/12/2024,132.0,72.0,60.0
25/12/2024,159.0,89.0,66.0
26/12/2024,184.0,79.0,64.0
27/12/2024,168.0,78.0,64.0
28/12/2024,170.0,89.0,67.0
29/12/2024,147.0,80.0,58.0
30/12/2024,107.0,73.0,46.0
31/12/2024,198.0,78.0,64.0
01/01/2025,104.0,83.0,50.0
02/01/2025,170.0,70.0,50.0
03/01/2025,157.0,78.0,53.0
04/01/2025,151.0,83.0,56.0
05/01/2025,103.0,57.0,51.0
06/01/2025,51.0,48.0,36.0
07/01/2025,56.0,44.0,39.0
08/01/2025,58.0,46.0,38.0
09/01/2025,108.0,62.0,45.0
10/01/2025,165.0,55.0,55.0
11/01/2025,168.0,71.0,55.0
12/01/2025,101.0,56.0,46.0
13/01/2025,69.0,56.0,37.0
14/01/2025,60.0,46.0,41.0
15/01/2025,51.0,53.0,37.0
16/01/2025,96.0,66.0,47.0
17/01/2025,151.0,67.0,55.0
18/01/2025,159.0,70.0,57.0
19/01/2025,102.0,56.0,48.0
20/01/2025,114.0,73.0,37.0
21/01/2025,51.0,61.0,57.0
22/01/2025,65.0,63.0,37.0
23/01/2025,87.0,57.0,47.0
24/01/2025,162.0,58.0,56.0
25/01/2025,173.0,71.0,56.0
26/01/2025,98.0,61.0,50.0
27/01/2025,56.0,53.0,58.0
28/01/2025,58.0,50.0,44.0
29/01/2025,52.0,45.0,34.0
30/01/2025,106.0,57.0,40.0
31/01/2025,130.0,71.0,59.0
01/02/2025,152.0,83.0,54.0
02/02/2025,110.0,57.0,50.0
03/02/2025,73.0,51.0,38.0
04/02/2025,50.0,57.0,39.0
05/02/2025,52.0,44.0,44.0
06/02/2025,118.0,53.0,40.0
07/02/2025,134.0,69.0,57.0
08/02/2025,154.0,74.0,50.0
09/02/2025,111.0,60.0,50.0
10/02/2025,105.0,59.0,46.0
11/02/2025,80.0,61.0,38.0
12/02/2025,96.0,65.0,51.0
13/02/2025,122.0,63.0,50.0
14/02/2025,188.0,97.0,61.0
15/02/2025,167.0,81.0,65.0
16/02/2025,89.0,52.0,49.0
17/02/2025,66.0,56.0,57.0
18/02/2025,70.0,52.0,40.0
19/02/2025,76.0,39.0,40.0
20/02/2025,96.0,70.0,32.0
21/02/2025,144.0,82.0,48.0
22/02/2025,143.0,75.0,37.0
23/02/2025,85.0,52.0,42.0
24/02/2025,71.0,45.0,30.0
25/02/2025,61.0,66.0,39.0
26/02/2025,61.0,48.0,43.0
27/02/2025,110.0,62.0,35.0
28/02/2025,126.0,79.0,50.0
01/03/2025,154.0,80.0,51.0
02/03/2025,108.0,73.0,32.0
03/03/2025,95.0,56.0,46.0
04/03/2025,76.0,48.0,45.0
05/03/2025,77.0,45.0,33.0
06/03/2025,102.0,68.0,40.0
07/03/2025,147.0,59.0,57.0
08/03/2025,152.0,85.0,56.0
09/03/2025,92.0,61.0,41.0
10/03/2025,89.0,61.0,43.0
11/03/2025,72.0,80.0,51.0
12/03/2025,72.0,67.0,43.0
13/03/2025,114.0,65.0,42.0
14/03/2025,166.0,69.0,54.0
15/03/2025,179.0,83.0,64.0
16/03/2025,109.0,60.0,46.0
17/03/2025,97.0,73.0,50.0
18/03/2025,65.0,51.0,58.0
19/03/2025,120.0,85.0,47.0
20/03/2025,116.0,70.0,48.0
21/03/2025,152.0,85.0,49.0
22/03/2025,180.0,86.0,54.0
23/03/2025,135.0,64.0,37.0
24/03/2025,90.0,69.0,50.0
25/03/2025,76.0,68.0,52.0
26/03/2025,77.0,60.0,54.0
27/03/2025,104.0,73.0,52.0
28/03/2025,153.0,80.0,60.0
29/03/2025,169.0,90.0,62.0
30/03/2025,99.0,73.0,47.0
31/03/2025,95.0,69.0,49.0
01/04/2025,87.0,71.0,32.0
02/04/2025,87.0,75.0,58.0
03/04/2025,137.0,77.0,64.0
04/04/2025,183.0,77.0,66.0
05/04/2025,167.0,93.0,63.0
06/04/2025,136.0,83.0,64.0
07/04/2025,104.0,74.0,56.0
08/04/2025,120.0,87.0,56.0
09/04/2025,110.0,74.0,53.0
10/04/2025,142.0,80.0,56.0
11/04/2025,178.0,86.0,72.0
12/04/2025,224.0,94.0,75.0
13/04/2025,146.0,75.0,65.0
14/04/2025,121.0,105.0,59.0
15/04/2025,115.0,76.0,66.0
16/04/2025,91.0,71.0,55.0
17/04/2025,159.0,87.0,58.0
18/04/2025,193.0,93.0,73.0
19/04/2025,192.0,105.0,70.0
20/04/2025,181.0,87.0,56.0
21/04/2025,204.0,95.0,62.0
22/04/2025,115.0,74.0,63.0
23/04/2025,89.0,70.0,51.0
24/04/2025,123.0,97.0,61.0
25/04/2025,166.0,94.0,67.0
26/04/2025,127.0,83.0,72.0
27/04/2025,128.0,75.0,51.0
28/04/2025,126.0,74.0,55.0
29/04/2025,166.0,62.0,55.0
30/04/2025,92.0,85.0,57.0
01/05/2025,147.0,92.0,63.0
02/05/2025,166.0,104.0,66.0
03/05/2025,185.0,103.0,67.0
04/05/2025,123.0,81.0,54.0
05/05/2025,150.0,86.0,61.0
06/05/2025,117.0,69.0,56.0
07/05/2025,120.0,65.0,59.0
08/05/2025,125.0,85.0,64.0
09/05/2025,196.0,92.0,57.0
10/05/2025,217.0,92.0,70.0
11/05/2025,168.0,75.0,58.0
12/05/2025,144.0,65.0,55.0
13/05/2025,114.0,76.0,56.0
14/05/2025,98.0,79.0,57.0
15/05/2025,142.0,88.0,76.0
16/05/2025,180.0,107.0,78.0
17/05/2025,201.0,118.0,83.0
18/05/2025,173.0,106.0,67.0
19/05/2025,157.0,86.0,54.0
20/05/2025,130.0,77.0,60.0
21/05/2025,117.0,82.0,61.0
22/05/2025,165.0,97.0,56.0
23/05/2025,172.0,98.0,60.0
24/05/2025,161.0,96.0,67.0
25/05/2025,111.0,87.0,55.0
26/05/2025,127.0,75.0,68.0
27/05/2025,117.0,69.0,56.0
28/05/2025,118.0,82.0,58.0
29/05/2025,150.0,100.0,55.0
30/05/2025,189.0,106.0,50.0
31/05/2025,153.0,90.0,60.0
