date,Lunch ,Dinner ,Total
Wed 1 Jan 20,7.067,18.459,25.526
Thu 2 Jan 20,8.848,18.964,27.816
Fri 3 Jan 20,8.386,16.223,24.608
Sat 4 Jan 20,9.238,18.178,27.416
Sun 5 Jan 20,6.81,12.82,19.637
Mon 6 Jan 20,3.133,11.66,14.794
Tue 7 Jan 20,2.257,9.544,11.801
Wed 8 Jan 20,2.773,8.039,10.895
Thu 9 Jan 20,3.858,8.427,12.285
Fri 10 Jan 20,3.902,14.198,18.105
Sat 11 Jan 20,5.223,18.485,23.707
Sun 12 Jan 20,6.511,12.144,18.655
Mon 13 Jan 20,3.4,11.225,14.625
Tue 14 Jan 20,2.556,9.882,12.438
Wed 15 Jan 20,4.037,11.263,15.338
Thu 16 Jan 20,2.33,13.319,15.649
Fri 17 Jan 20,3.283,14.329,17.653
Sat 18 Jan 20,8.12,18.662,26.782
Sun 19 Jan 20,9.694,10.722,20.416
Mon 20 Jan 20,3.528,10.118,13.686
Tue 21 Jan 20,2.563,10.673,13.236
Wed 22 Jan 20,3.549,10.522,14.171
Thu 23 Jan 20,2.449,14.237,16.686
Fri 24 Jan 20,4.956,15.559,20.606
Sat 25 Jan 20,9.132,19.311,28.443
Sun 26 Jan 20,7.695,15.232,22.927
Mon 27 Jan 20,3.109,12.119,15.232
Tue 28 Jan 20,5.35,10.394,15.744
Wed 29 Jan 20,3.108,13.284,16.402
Thu 30 Jan 20,4.207,14.301,18.552
Fri 31 Jan 20,5.177,16.404,21.581
Sat 1 Feb 20,7.384,19.301,26.748
Sun 2 Feb 20,6.937,12.574,19.511
Mon 3 Feb 20,4.032,10.801,14.842
Tue 4 Feb 20,4.228,11.421,15.649
Wed 5 Feb 20,3.436,10.354,13.79
Thu 6 Feb 20,3.285,13.819,17.109
Fri 7 Feb 20,5.038,15.244,20.281
Sat 8 Feb 20,9.184,19.293,28.477
Sun 9 Feb 20,5.789,9.442,15.263
Mon 10 Feb 20,2.903,11.796,14.699
Tue 11 Feb 20,2.953,13.955,16.908
Wed 12 Feb 20,3.734,15.709,19.443
Thu 13 Feb 20,2.862,16.654,19.516
Fri 14 Feb 20,6.162,20.242,26.405
Sat 15 Feb 20,10.836,21.101,31.937
Sun 16 Feb 20,7.874,13.251,21.129
Mon 17 Feb 20,3.896,12.526,16.422
Tue 18 Feb 20,4.167,10.31,14.477
Wed 19 Feb 20,3.197,12.407,15.616
Thu 20 Feb 20,3.422,11.581,15.007
Fri 21 Feb 20,6.75,16.673,23.459
Sat 22 Feb 20,10.193,20.499,30.691
Sun 23 Feb 20,7.629,15.874,23.503
Mon 24 Feb 20,5.101,9.293,14.399
Tue 25 Feb 20,4.275,11.568,15.845
Wed 26 Feb 20,3.863,11.37,15.232
Thu 27 Feb 20,4.492,11.203,15.732
Fri 28 Feb 20,3.494,14.695,18.189
Sat 29 Feb 20,6.926,17.876,24.802
Sun 1 Mar 20,7.102,12.306,19.408
Mon 2 Mar 20,1.728,10.099,11.829
Tue 3 Mar 20,2.59,11.385,13.974
Wed 4 Mar 20,3.244,7.456,10.699
Thu 5 Mar 20,2.521,11.465,13.986
Fri 6 Mar 20,4.883,14.945,19.859
Sat 7 Mar 20,9.291,19.342,28.634
Sun 8 Mar 20,6.975,14.498,21.473
Mon 9 Mar 20,3.177,9.095,12.272
Tue 10 Mar 20,2.914,6.94,9.854
Wed 11 Mar 20,2.697,9.545,12.241
Thu 12 Mar 20,3.019,8.145,11.164
Fri 13 Mar 20,1.944,8.408,10.358
Sat 14 Mar 20,5.254,7.729,12.983
Sun 15 Mar 20,2.542,1.077,3.62
Mon 16 Mar 20,0.0,0.0,0.0
Tue 17 Mar 20,0.0,0.0,0.0
Wed 18 Mar 20,0.0,0.0,0.0
Thu 19 Mar 20,0.0,0.0,0.0
Fri 20 Mar 20,0.0,0.0,0.0
Sat 21 Mar 20,0.0,0.0,0.0
Sun 22 Mar 20,0.0,0.0,0.0
Mon 23 Mar 20,0.0,0.0,0.0
Tue 24 Mar 20,0.0,0.0,0.0
Wed 25 Mar 20,0.0,0.0,0.0
Thu 26 Mar 20,0.0,0.0,0.0
Fri 27 Mar 20,0.0,0.0,0.0
Sat 28 Mar 20,0.0,0.0,0.0
Sun 29 Mar 20,0.0,0.0,0.0
Mon 30 Mar 20,0.0,0.0,0.0
Tue 31 Mar 20,0.0,0.0,0.0
Wed 1 Apr 20,0.0,0.0,0.0
Thu 2 Apr 20,0.0,0.0,0.0
Fri 3 Apr 20,0.0,0.0,0.0
Sat 4 Apr 20,0.0,0.0,0.0
Sun 5 Apr 20,0.0,0.0,0.0
Mon 6 Apr 20,0.0,0.0,0.0
Tue 7 Apr 20,0.0,0.0,0.0
Wed 8 Apr 20,0.0,0.0,0.0
Thu 9 Apr 20,0.0,0.0,0.0
Fri 10 Apr 20,0.0,0.0,0.0
Sat 11 Apr 20,0.0,0.0,0.0
Sun 12 Apr 20,0.0,0.0,0.0
Mon 13 Apr 20,0.0,0.0,0.0
Tue 14 Apr 20,0.0,0.0,0.0
Wed 15 Apr 20,0.0,0.0,0.0
Thu 16 Apr 20,0.0,0.0,0.0
Fri 17 Apr 20,0.0,0.0,0.0
Sat 18 Apr 20,0.0,0.0,0.0
Sun 19 Apr 20,0.0,0.0,0.0
Mon 20 Apr 20,0.0,0.0,0.0
Tue 21 Apr 20,0.0,0.0,0.0
Wed 22 Apr 20,0.0,0.0,0.0
Thu 23 Apr 20,0.0,0.0,0.0
Fri 24 Apr 20,0.0,0.0,0.0
Sat 25 Apr 20,0.0,328.0,328.0
Sun 26 Apr 20,0.0,0.0,0.0
Mon 27 Apr 20,0.0,0.0,0.0
Tue 28 Apr 20,0.0,0.0,0.0
Wed 29 Apr 20,0.0,0.0,0.0
Thu 30 Apr 20,0.0,0.0,0.0
Fri 1 May 20,0.0,0.0,0.0
Sat 2 May 20,0.0,0.0,0.0
Sun 3 May 20,0.0,0.0,0.0
Mon 4 May 20,0.0,0.0,0.0
Tue 5 May 20,0.0,0.0,0.0
Wed 6 May 20,0.0,0.0,0.0
Thu 7 May 20,0.0,0.0,0.0
Fri 8 May 20,0.0,0.0,0.0
Sat 9 May 20,0.0,0.0,0.0
Sun 10 May 20,0.0,66.0,66.0
Mon 11 May 20,0.0,0.0,0.0
Tue 12 May 20,0.0,0.0,0.0
Wed 13 May 20,17.0,0.0,17.0
Thu 14 May 20,0.0,0.0,0.0
Fri 15 May 20,0.0,0.0,0.0
Sat 16 May 20,0.0,0.0,0.0
Sun 17 May 20,0.0,0.0,0.0
Mon 18 May 20,0.0,0.0,0.0
Tue 19 May 20,0.0,0.0,0.0
Wed 20 May 20,0.0,66.0,66.0
Thu 21 May 20,0.0,0.0,0.0
Fri 22 May 20,0.0,232.0,232.0
Sat 23 May 20,0.0,0.0,0.0
Sun 24 May 20,0.0,0.0,0.0
Mon 25 May 20,0.0,0.0,0.0
Tue 26 May 20,0.0,0.0,0.0
Wed 27 May 20,0.0,0.0,0.0
Thu 28 May 20,0.0,0.0,0.0
Fri 29 May 20,0.0,72.0,72.0
Sat 30 May 20,-45.0,0.0,-45.0
Sun 31 May 20,0.0,0.0,0.0
Mon 1 Jun 20,4.818,5.981,10.799
Tue 2 Jun 20,961.0,4.566,5.646
Wed 3 Jun 20,1.336,4.42,5.757
Thu 4 Jun 20,1.522,4.251,5.781
Fri 5 Jun 20,1.06,5.003,6.063
Sat 6 Jun 20,2.983,4.772,7.755
Sun 7 Jun 20,2.356,3.935,6.291
Mon 8 Jun 20,1.455,3.341,4.796
Tue 9 Jun 20,1.13,2.653,3.789
Wed 10 Jun 20,2.133,4.398,6.531
Thu 11 Jun 20,2.011,5.493,7.503
Fri 12 Jun 20,2.353,6.532,8.885
Sat 13 Jun 20,3.83,9.174,13.225
Sun 14 Jun 20,2.758,3.916,6.674
Mon 15 Jun 20,615.0,4.111,4.805
Tue 16 Jun 20,1.497,3.558,5.092
Wed 17 Jun 20,1.484,4.688,6.172
Thu 18 Jun 20,1.434,4.188,5.622
Fri 19 Jun 20,1.803,6.996,8.803
Sat 20 Jun 20,4.151,6.883,11.108
Sun 21 Jun 20,4.208,5.954,10.172
Mon 22 Jun 20,854.0,5.169,6.023
Tue 23 Jun 20,2.245,4.817,7.263
Wed 24 Jun 20,2.776,5.504,8.28
Thu 25 Jun 20,1.228,6.288,7.55
Fri 26 Jun 20,4.117,8.32,12.637
Sat 27 Jun 20,4.84,8.741,13.58
Sun 28 Jun 20,5.26,6.761,12.021
Mon 29 Jun 20,1.459,3.513,5.031
Tue 30 Jun 20,1.642,4.153,5.882
Wed 1 Jul 20,1.963,6.827,8.861
Thu 2 Jul 20,2.247,6.394,8.878
Fri 3 Jul 20,2.089,10.469,12.638
Sat 4 Jul 20,5.683,11.738,17.45
Sun 5 Jul 20,3.56,9.886,13.566
Mon 6 Jul 20,2.339,4.994,7.333
Tue 7 Jul 20,2.473,6.293,8.766
Wed 8 Jul 20,1.648,4.292,5.941
Thu 9 Jul 20,2.432,4.863,7.296
Fri 10 Jul 20,3.293,10.56,13.969
Sat 11 Jul 20,4.664,13.844,18.557
Sun 12 Jul 20,4.912,9.216,14.259
Mon 13 Jul 20,2.234,8.663,10.897
Tue 14 Jul 20,3.37,6.908,10.278
Wed 15 Jul 20,2.184,7.292,9.476
Thu 16 Jul 20,2.786,7.679,10.476
Fri 17 Jul 20,2.263,11.48,13.853
Sat 18 Jul 20,4.056,14.364,18.42
Sun 19 Jul 20,6.278,9.806,16.281
Mon 20 Jul 20,2.086,9.93,12.016
Tue 21 Jul 20,3.109,7.293,10.481
Wed 22 Jul 20,1.838,8.88,10.718
Thu 23 Jul 20,2.309,7.834,10.312
Fri 24 Jul 20,2.28,10.49,12.77
Sat 25 Jul 20,4.181,13.674,17.992
Sun 26 Jul 20,4.31,8.743,13.17
Mon 27 Jul 20,3.058,6.087,9.189
Tue 28 Jul 20,1.86,10.097,11.957
Wed 29 Jul 20,2.667,9.261,11.928
Thu 30 Jul 20,2.152,9.433,11.585
Fri 31 Jul 20,3.319,11.915,15.234
Sat 1 Aug 20,4.295,13.653,17.947
Sun 2 Aug 20,4.792,8.939,13.731
Mon 3 Aug 20,1.74,6.655,8.394
Tue 4 Aug 20,3.267,8.684,11.952
Wed 5 Aug 20,2.082,8.422,10.608
Thu 6 Aug 20,1.789,7.826,9.615
Fri 7 Aug 20,2.174,10.287,12.504
Sat 8 Aug 20,4.123,13.847,18.198
Sun 9 Aug 20,3.604,9.202,12.806
Mon 10 Aug 20,1.596,9.068,10.665
Tue 11 Aug 20,2.027,10.357,12.644
Wed 12 Aug 20,2.973,8.535,11.666
Thu 13 Aug 20,2.898,8.127,11.025
Fri 14 Aug 20,2.867,11.641,14.651
Sat 15 Aug 20,4.04,14.331,18.371
Sun 16 Aug 20,4.324,7.704,12.028
Mon 17 Aug 20,2.314,5.765,8.08
Tue 18 Aug 20,1.682,6.825,8.626
Wed 19 Aug 20,2.257,6.303,8.872
Thu 20 Aug 20,1.883,9.586,11.54
Fri 21 Aug 20,2.756,9.231,11.987
Sat 22 Aug 20,2.798,11.647,14.445
Sun 23 Aug 20,2.56,7.63,10.251
Mon 24 Aug 20,1.197,6.875,8.073
Tue 25 Aug 20,1.734,5.917,7.654
Wed 26 Aug 20,1.649,5.989,7.652
Thu 27 Aug 20,2.229,6.884,9.119
Fri 28 Aug 20,3.137,10.59,13.911
Sat 29 Aug 20,4.008,12.257,16.329
Sun 30 Aug 20,3.453,5.912,9.369
Mon 31 Aug 20,1.956,5.618,7.574
Tue 1 Sept 20,2.805,5.419,8.247
Wed 2 Sept 20,1.887,4.257,6.261
Thu 3 Sept 20,1.388,6.438,7.826
Fri 4 Sept 20,2.198,10.768,13.146
Sat 5 Sept 20,3.807,11.431,15.238
Sun 6 Sept 20,2.968,7.835,10.804
Mon 7 Sept 20,1.525,5.305,6.837
Tue 8 Sept 20,1.643,5.94,7.626
Wed 9 Sept 20,1.307,5.31,6.678
Thu 10 Sept 20,1.459,6.201,7.771
Fri 11 Sept 20,2.75,9.538,12.413
Sat 12 Sept 20,4.131,12.026,16.156
Sun 13 Sept 20,3.153,6.873,10.208
Mon 14 Sept 20,2.045,6.281,8.326
Tue 15 Sept 20,2.241,6.551,8.845
Wed 16 Sept 20,1.778,4.068,5.871
Thu 17 Sept 20,1.956,5.475,7.457
Fri 18 Sept 20,2.193,8.205,10.439
Sat 19 Sept 20,3.796,11.184,14.98
Sun 20 Sept 20,1.907,5.969,7.876
Mon 21 Sept 20,1.204,3.966,5.171
Tue 22 Sept 20,1.638,6.352,8.049
Wed 23 Sept 20,1.172,3.584,4.775
Thu 24 Sept 20,1.74,5.3,7.081
Fri 25 Sept 20,1.154,8.04,9.258
Sat 26 Sept 20,3.803,12.294,16.13
Sun 27 Sept 20,3.141,5.121,8.262
Mon 28 Sept 20,1.201,2.553,3.754
Tue 29 Sept 20,1.679,2.377,4.056
Wed 30 Sept 20,399.0,3.863,4.343
Thu 1 Oct 20,941.0,2.383,3.324
Fri 2 Oct 20,914.0,5.566,6.646
Sat 3 Oct 20,1.717,7.456,9.173
Sun 4 Oct 20,2.385,4.2,6.585
Mon 5 Oct 20,1.755,2.388,4.143
Tue 6 Oct 20,1.148,2.346,3.494
Wed 7 Oct 20,1.167,2.391,3.557
Thu 8 Oct 20,568.0,4.033,4.601
Fri 9 Oct 20,1.203,5.256,6.473
Sat 10 Oct 20,3.07,6.265,9.36
Sun 11 Oct 20,2.99,5.446,8.435
Mon 12 Oct 20,1.267,3.242,4.509
Tue 13 Oct 20,1.72,5.007,6.727
Wed 14 Oct 20,1.707,6.234,7.996
Thu 15 Oct 20,0.0,0.0,0.0
Fri 16 Oct 20,0.0,0.0,0.0
Sat 17 Oct 20,0.0,0.0,0.0
Sun 18 Oct 20,0.0,52.0,52.0
Mon 19 Oct 20,0.0,0.0,0.0
Tue 20 Oct 20,0.0,0.0,0.0
Wed 21 Oct 20,0.0,0.0,0.0
Thu 22 Oct 20,0.0,0.0,0.0
Fri 23 Oct 20,0.0,0.0,0.0
Sat 24 Oct 20,0.0,0.0,0.0
Sun 25 Oct 20,0.0,0.0,0.0
Mon 26 Oct 20,0.0,0.0,0.0
Tue 27 Oct 20,0.0,0.0,0.0
Wed 28 Oct 20,0.0,0.0,0.0
Thu 29 Oct 20,0.0,0.0,0.0
Fri 30 Oct 20,0.0,0.0,0.0
Sat 31 Oct 20,0.0,0.0,0.0
Sun 1 Nov 20,0.0,0.0,0.0
Mon 2 Nov 20,0.0,0.0,0.0
Tue 3 Nov 20,0.0,0.0,0.0
Wed 4 Nov 20,0.0,0.0,0.0
Thu 5 Nov 20,0.0,0.0,0.0
Fri 6 Nov 20,0.0,0.0,0.0
Sat 7 Nov 20,0.0,0.0,0.0
Sun 8 Nov 20,0.0,123.0,123.0
Mon 9 Nov 20,0.0,0.0,0.0
Tue 10 Nov 20,0.0,0.0,0.0
Wed 11 Nov 20,0.0,0.0,0.0
Thu 12 Nov 20,0.0,0.0,0.0
Fri 13 Nov 20,0.0,0.0,0.0
Sat 14 Nov 20,0.0,0.0,0.0
Sun 15 Nov 20,0.0,0.0,0.0
Mon 16 Nov 20,0.0,0.0,0.0
Tue 17 Nov 20,0.0,0.0,0.0
Wed 18 Nov 20,0.0,0.0,0.0
Thu 19 Nov 20,0.0,0.0,0.0
Fri 20 Nov 20,0.0,0.0,0.0
Sat 21 Nov 20,0.0,0.0,0.0
Sun 22 Nov 20,0.0,0.0,0.0
Mon 23 Nov 20,0.0,0.0,0.0
Tue 24 Nov 20,0.0,0.0,0.0
Wed 25 Nov 20,0.0,0.0,0.0
Thu 26 Nov 20,0.0,0.0,0.0
Fri 27 Nov 20,0.0,0.0,0.0
Sat 28 Nov 20,0.0,0.0,0.0
Sun 29 Nov 20,0.0,0.0,0.0
Mon 30 Nov 20,0.0,0.0,0.0
Tue 1 Dec 20,0.0,0.0,0.0
Wed 2 Dec 20,0.0,0.0,0.0
Thu 3 Dec 20,0.0,0.0,0.0
Fri 4 Dec 20,0.0,0.0,0.0
Sat 5 Dec 20,0.0,0.0,0.0
Sun 6 Dec 20,0.0,0.0,0.0
Mon 7 Dec 20,0.0,0.0,0.0
Tue 8 Dec 20,0.0,0.0,0.0
Wed 9 Dec 20,0.0,0.0,0.0
Thu 10 Dec 20,0.0,0.0,0.0
Fri 11 Dec 20,0.0,0.0,0.0
Sat 12 Dec 20,0.0,0.0,0.0
Sun 13 Dec 20,0.0,0.0,0.0
Mon 14 Dec 20,0.0,0.0,0.0
Tue 15 Dec 20,0.0,0.0,0.0
Wed 16 Dec 20,0.0,0.0,0.0
Thu 17 Dec 20,0.0,0.0,0.0
Fri 18 Dec 20,0.0,0.0,0.0
Sat 19 Dec 20,0.0,0.0,0.0
Sun 20 Dec 20,0.0,0.0,0.0
Mon 21 Dec 20,0.0,0.0,0.0
Tue 22 Dec 20,0.0,0.0,0.0
Wed 23 Dec 20,0.0,0.0,0.0
Thu 24 Dec 20,0.0,0.0,0.0
Fri 25 Dec 20,0.0,0.0,0.0
Sat 26 Dec 20,0.0,0.0,0.0
Sun 27 Dec 20,0.0,0.0,0.0
Mon 28 Dec 20,0.0,0.0,0.0
Tue 29 Dec 20,0.0,0.0,0.0
Wed 30 Dec 20,0.0,0.0,0.0
Thu 31 Dec 20,0.0,0.0,0.0
Fri 1 Jan 21,0.0,0.0,0.0
Sat 2 Jan 21,0.0,0.0,0.0
Sun 3 Jan 21,0.0,0.0,0.0
Mon 4 Jan 21,0.0,0.0,0.0
Tue 5 Jan 21,0.0,0.0,0.0
Wed 6 Jan 21,0.0,0.0,0.0
Thu 7 Jan 21,0.0,0.0,0.0
Fri 8 Jan 21,0.0,0.0,0.0
Sat 9 Jan 21,0.0,0.0,0.0
Sun 10 Jan 21,0.0,0.0,0.0
Mon 11 Jan 21,0.0,0.0,0.0
Tue 12 Jan 21,0.0,0.0,0.0
Wed 13 Jan 21,0.0,0.0,0.0
Thu 14 Jan 21,0.0,0.0,0.0
Fri 15 Jan 21,0.0,0.0,0.0
Sat 16 Jan 21,0.0,0.0,0.0
Sun 17 Jan 21,0.0,0.0,0.0
Mon 18 Jan 21,0.0,0.0,0.0
Tue 19 Jan 21,0.0,0.0,0.0
Wed 20 Jan 21,0.0,0.0,0.0
Thu 21 Jan 21,0.0,0.0,0.0
Fri 22 Jan 21,0.0,0.0,0.0
Sat 23 Jan 21,0.0,0.0,0.0
Sun 24 Jan 21,0.0,0.0,0.0
Mon 25 Jan 21,0.0,0.0,0.0
Tue 26 Jan 21,0.0,0.0,0.0
Wed 27 Jan 21,0.0,0.0,0.0
Thu 28 Jan 21,0.0,0.0,0.0
Fri 29 Jan 21,0.0,0.0,0.0
Sat 30 Jan 21,0.0,0.0,0.0
Sun 31 Jan 21,0.0,0.0,0.0
Mon 1 Feb 21,0.0,0.0,0.0
Tue 2 Feb 21,0.0,0.0,0.0
Wed 3 Feb 21,0.0,0.0,0.0
Thu 4 Feb 21,0.0,0.0,0.0
Fri 5 Feb 21,0.0,0.0,0.0
Sat 6 Feb 21,0.0,0.0,0.0
Sun 7 Feb 21,0.0,0.0,0.0
Mon 8 Feb 21,0.0,0.0,0.0
Tue 9 Feb 21,0.0,0.0,0.0
Wed 10 Feb 21,0.0,0.0,0.0
Thu 11 Feb 21,0.0,0.0,0.0
Fri 12 Feb 21,0.0,0.0,0.0
Sat 13 Feb 21,0.0,0.0,0.0
Sun 14 Feb 21,0.0,0.0,0.0
Mon 15 Feb 21,0.0,0.0,0.0
Tue 16 Feb 21,0.0,0.0,0.0
Wed 17 Feb 21,0.0,0.0,0.0
Thu 18 Feb 21,0.0,0.0,0.0
Fri 19 Feb 21,0.0,0.0,0.0
Sat 20 Feb 21,0.0,0.0,0.0
Sun 21 Feb 21,0.0,0.0,0.0
Mon 22 Feb 21,0.0,0.0,0.0
Tue 23 Feb 21,0.0,0.0,0.0
Wed 24 Feb 21,0.0,0.0,0.0
Thu 25 Feb 21,0.0,0.0,0.0
Fri 26 Feb 21,0.0,0.0,0.0
Sat 27 Feb 21,0.0,0.0,0.0
Sun 28 Feb 21,0.0,0.0,0.0
Mon 1 Mar 21,0.0,0.0,0.0
Tue 2 Mar 21,0.0,0.0,0.0
Wed 3 Mar 21,0.0,0.0,0.0
Thu 4 Mar 21,10.0,0.0,10.0
Fri 5 Mar 21,0.0,0.0,0.0
Sat 6 Mar 21,0.0,0.0,0.0
Sun 7 Mar 21,0.0,0.0,0.0
Mon 8 Mar 21,0.0,0.0,0.0
Tue 9 Mar 21,0.0,0.0,0.0
Wed 10 Mar 21,0.0,0.0,0.0
Thu 11 Mar 21,0.0,0.0,120.0
Fri 12 Mar 21,0.0,0.0,0.0
Sat 13 Mar 21,0.0,0.0,0.0
Sun 14 Mar 21,0.0,0.0,0.0
Mon 15 Mar 21,0.0,0.0,0.0
Tue 16 Mar 21,0.0,0.0,0.0
Wed 17 Mar 21,0.0,0.0,0.0
Thu 18 Mar 21,0.0,0.0,0.0
Fri 19 Mar 21,0.0,0.0,0.0
Sat 20 Mar 21,0.0,0.0,0.0
Sun 21 Mar 21,0.0,0.0,0.0
Mon 22 Mar 21,0.0,0.0,0.0
Tue 23 Mar 21,0.0,0.0,0.0
Wed 24 Mar 21,0.0,0.0,0.0
Thu 25 Mar 21,0.0,0.0,0.0
Fri 26 Mar 21,0.0,0.0,0.0
Sat 27 Mar 21,0.0,0.0,0.0
Sun 28 Mar 21,0.0,0.0,0.0
Mon 29 Mar 21,0.0,0.0,0.0
Tue 30 Mar 21,0.0,0.0,0.0
Wed 31 Mar 21,0.0,0.0,0.0
Thu 1 Apr 21,0.0,0.0,0.0
Fri 2 Apr 21,0.0,0.0,0.0
Sat 3 Apr 21,0.0,0.0,0.0
Sun 4 Apr 21,0.0,0.0,0.0
Mon 5 Apr 21,0.0,0.0,0.0
Tue 6 Apr 21,0.0,0.0,0.0
Wed 7 Apr 21,0.0,0.0,0.0
Thu 8 Apr 21,0.0,0.0,0.0
Fri 9 Apr 21,0.0,0.0,0.0
Sat 10 Apr 21,0.0,0.0,0.0
Sun 11 Apr 21,0.0,0.0,0.0
Mon 12 Apr 21,0.0,0.0,0.0
Tue 13 Apr 21,0.0,0.0,0.0
Wed 14 Apr 21,0.0,0.0,0.0
Thu 15 Apr 21,0.0,0.0,0.0
Fri 16 Apr 21,0.0,0.0,0.0
Sat 17 Apr 21,0.0,0.0,0.0
Sun 18 Apr 21,0.0,0.0,0.0
Mon 19 Apr 21,0.0,0.0,0.0
Tue 20 Apr 21,0.0,0.0,0.0
Wed 21 Apr 21,0.0,0.0,0.0
Thu 22 Apr 21,0.0,0.0,0.0
Fri 23 Apr 21,0.0,0.0,0.0
Sat 24 Apr 21,0.0,0.0,0.0
Sun 25 Apr 21,0.0,0.0,0.0
Mon 26 Apr 21,0.0,0.0,0.0
Tue 27 Apr 21,0.0,0.0,0.0
Wed 28 Apr 21,1.121,555.0,1.676
Thu 29 Apr 21,179.0,0.0,179.0
Fri 30 Apr 21,0.0,0.0,0.0
Sat 1 May 21,2.927,1.114,4.048
Sun 2 May 21,2.671,649.0,3.319
Mon 3 May 21,2.345,713.0,3.058
Tue 4 May 21,838.0,83.0,921.0
Wed 5 May 21,574.0,242.0,815.0
Thu 6 May 21,1.999,587.0,2.587
Fri 7 May 21,2.336,1.545,3.881
Sat 8 May 21,2.14,293.0,2.433
Sun 9 May 21,3.524,1.381,5.057
Mon 10 May 21,680.0,555.0,1.235
Tue 11 May 21,1.58,611.0,2.19
Wed 12 May 21,1.587,216.0,1.803
Thu 13 May 21,3.863,1.297,5.164
Fri 14 May 21,3.376,1.16,4.538
Sat 15 May 21,3.218,878.0,4.096
Sun 16 May 21,3.792,635.0,4.427
Mon 17 May 21,666.0,614.0,1.28
Tue 18 May 21,745.0,899.0,1.643
Wed 19 May 21,818.0,663.0,1.481
Thu 20 May 21,2.259,1.888,4.147
Fri 21 May 21,1.187,2.616,3.804
Sat 22 May 21,1.822,2.226,4.048
Sun 23 May 21,2.876,3.016,5.972
Mon 24 May 21,2.78,2.115,4.896
Tue 25 May 21,1.34,1.542,2.882
Wed 26 May 21,1.499,1.155,2.654
Thu 27 May 21,1.09,2.267,3.357
Fri 28 May 21,1.894,2.79,4.684
Sat 29 May 21,4.119,3.837,8.013
Sun 30 May 21,3.789,3.93,7.72
Mon 31 May 21,2.495,2.92,5.43
Tue 1 Jun 21,2.422,2.888,5.31
Wed 2 Jun 21,2.001,2.582,4.583
Thu 3 Jun 21,2.046,3.142,5.188
Fri 4 Jun 21,1.953,3.087,5.04
Sat 5 Jun 21,4.759,7.347,12.106
Sun 6 Jun 21,4.046,6.444,10.49
Mon 7 Jun 21,3.136,4.502,7.638
Tue 8 Jun 21,1.547,4.888,6.435
Wed 9 Jun 21,1.214,4.559,5.773
Thu 10 Jun 21,1.409,6.688,8.097
Fri 11 Jun 21,2.34,6.724,9.064
Sat 12 Jun 21,4.435,8.173,12.656
Sun 13 Jun 21,5.07,7.31,12.381
Mon 14 Jun 21,1.577,4.405,5.982
Tue 15 Jun 21,2.473,4.937,7.41
Wed 16 Jun 21,2.254,5.471,7.758
Thu 17 Jun 21,3.018,5.167,8.272
Fri 18 Jun 21,1.748,5.826,7.574
Sat 19 Jun 21,4.876,8.552,13.429
Sun 20 Jun 21,4.503,7.627,12.13
Mon 21 Jun 21,1.832,3.247,5.078
Tue 22 Jun 21,2.071,4.838,6.908
Wed 23 Jun 21,2.245,5.503,7.748
Thu 24 Jun 21,2.194,7.273,9.468
Fri 25 Jun 21,3.356,8.381,11.737
Sat 26 Jun 21,6.038,12.173,18.211
Sun 27 Jun 21,5.682,6.728,12.41
Mon 28 Jun 21,2.337,7.876,10.213
Tue 29 Jun 21,2.251,6.849,9.099
Wed 30 Jun 21,1.564,4.977,6.554
Thu 1 Jul 21,1.753,6.829,8.582
Fri 2 Jul 21,2.538,10.149,12.687
Sat 3 Jul 21,6.731,12.849,19.58
Sun 4 Jul 21,4.537,7.742,12.279
Mon 5 Jul 21,3.046,8.401,11.447
Tue 6 Jul 21,2.109,8.109,10.218
Wed 7 Jul 21,2.897,6.905,9.802
Thu 8 Jul 21,2.641,8.196,10.837
Fri 9 Jul 21,3.78,11.929,15.709
Sat 10 Jul 21,5.282,11.954,17.236
Sun 11 Jul 21,3.921,7.658,11.58
Mon 12 Jul 21,2.148,7.555,9.702
Tue 13 Jul 21,2.786,8.322,11.107
Wed 14 Jul 21,1.925,7.151,9.076
Thu 15 Jul 21,1.976,7.681,9.659
Fri 16 Jul 21,3.187,10.485,13.738
Sat 17 Jul 21,6.403,13.368,19.772
Sun 18 Jul 21,3.983,9.787,13.77
Mon 19 Jul 21,3.88,7.868,11.749
Tue 20 Jul 21,2.482,8.472,10.954
Wed 21 Jul 21,2.744,9.285,12.028
Thu 22 Jul 21,2.887,9.013,11.9
Fri 23 Jul 21,2.413,11.4,13.812
Sat 24 Jul 21,3.691,9.792,13.483
Sun 25 Jul 21,4.641,9.621,14.262
Mon 26 Jul 21,3.136,7.827,10.97
Tue 27 Jul 21,2.764,7.501,10.265
Wed 28 Jul 21,2.217,9.671,11.887
Thu 29 Jul 21,3.3,9.076,12.389
Fri 30 Jul 21,3.316,9.363,12.679
Sat 31 Jul 21,4.395,12.09,16.485
Sun 1 Aug 21,4.16,9.98,14.141
Mon 2 Aug 21,2.754,8.78,11.534
Tue 3 Aug 21,3.253,8.898,12.151
Wed 4 Aug 21,3.704,8.923,12.628
Thu 5 Aug 21,3.715,9.988,13.703
Fri 6 Aug 21,4.253,9.534,13.802
Sat 7 Aug 21,5.452,8.683,14.134
Sun 8 Aug 21,4.624,8.351,12.975
Mon 9 Aug 21,3.571,8.823,12.395
Tue 10 Aug 21,2.247,8.699,10.946
Wed 11 Aug 21,3.665,9.308,12.973
Thu 12 Aug 21,3.617,9.783,13.4
Fri 13 Aug 21,2.942,11.98,14.922
Sat 14 Aug 21,6.043,13.176,19.218
Sun 15 Aug 21,5.712,10.984,16.696
Mon 16 Aug 21,2.779,9.746,12.525
Tue 17 Aug 21,2.593,7.553,10.146
Wed 18 Aug 21,2.987,9.001,12.0
Thu 19 Aug 21,3.593,7.678,11.271
Fri 20 Aug 21,4.062,9.407,13.469
Sat 21 Aug 21,6.004,11.966,18.036
Sun 22 Aug 21,4.891,10.287,15.178
Mon 23 Aug 21,4.177,9.275,13.452
Tue 24 Aug 21,2.338,6.899,9.237
Wed 25 Aug 21,3.756,8.848,12.603
Thu 26 Aug 21,3.466,8.961,12.427
Fri 27 Aug 21,3.753,10.801,14.554
Sat 28 Aug 21,6.223,11.334,17.557
Sun 29 Aug 21,4.953,7.678,12.631
Mon 30 Aug 21,3.584,8.367,11.951
Tue 31 Aug 21,2.961,7.056,10.017
Wed 1 Sept 21,2.04,9.755,11.795
Thu 2 Sept 21,2.539,8.357,10.896
Fri 3 Sept 21,4.038,11.84,15.878
Sat 4 Sept 21,6.334,14.351,20.685
Sun 5 Sept 21,6.744,9.87,16.614
Mon 6 Sept 21,2.782,7.572,10.354
Tue 7 Sept 21,3.932,8.968,12.9
Wed 8 Sept 21,2.387,8.362,10.75
Thu 9 Sept 21,3.502,7.276,10.777
Fri 10 Sept 21,4.589,9.012,13.601
Sat 11 Sept 21,5.693,9.348,15.049
Sun 12 Sept 21,4.421,8.636,13.057
Mon 13 Sept 21,2.188,8.097,10.286
Tue 14 Sept 21,3.331,7.157,10.488
Wed 15 Sept 21,2.491,6.652,9.143
Thu 16 Sept 21,2.536,8.249,10.828
Fri 17 Sept 21,2.87,11.608,14.479
Sat 18 Sept 21,7.23,11.95,19.18
Sun 19 Sept 21,6.968,7.652,14.643
Mon 20 Sept 21,4.057,9.769,13.827
Tue 21 Sept 21,2.791,10.923,13.714
Wed 22 Sept 21,2.527,10.326,12.854
Thu 23 Sept 21,2.049,8.364,10.413
Fri 24 Sept 21,3.994,12.764,16.757
Sat 25 Sept 21,7.934,13.7,21.634
Sun 26 Sept 21,7.456,9.825,17.281
Mon 27 Sept 21,4.444,8.362,12.806
Tue 28 Sept 21,3.842,9.893,13.735
Wed 29 Sept 21,3.386,8.546,11.933
Thu 30 Sept 21,2.06,5.947,8.008
Fri 1 Oct 21,742.0,0.0,742.0
Sat 2 Oct 21,5.719,12.066,17.785
Sun 3 Oct 21,5.363,9.827,15.19
Mon 4 Oct 21,2.477,8.02,10.497
Tue 5 Oct 21,2.666,6.431,9.097
Wed 6 Oct 21,2.373,8.372,10.745
Thu 7 Oct 21,3.611,8.679,12.291
Fri 8 Oct 21,3.926,11.494,15.419
Sat 9 Oct 21,6.368,12.704,19.073
Sun 10 Oct 21,5.083,9.728,14.81
Mon 11 Oct 21,3.202,8.052,11.254
Tue 12 Oct 21,2.62,7.626,10.246
Wed 13 Oct 21,3.424,7.528,10.952
Thu 14 Oct 21,4.832,9.628,14.46
Fri 15 Oct 21,5.958,10.594,16.552
Sat 16 Oct 21,7.599,12.528,20.128
Sun 17 Oct 21,6.153,9.365,15.518
Mon 18 Oct 21,4.444,9.098,13.542
Tue 19 Oct 21,3.008,9.661,12.669
Wed 20 Oct 21,2.068,8.48,10.548
Thu 21 Oct 21,2.879,8.105,10.984
Fri 22 Oct 21,4.364,11.498,15.863
Sat 23 Oct 21,5.434,12.701,18.135
Sun 24 Oct 21,7.028,10.609,17.637
Mon 25 Oct 21,3.385,9.532,12.917
Tue 26 Oct 21,3.899,7.595,11.493
Wed 27 Oct 21,3.337,8.724,12.061
Thu 28 Oct 21,3.128,9.239,12.367
Fri 29 Oct 21,5.461,12.128,17.589
Sat 30 Oct 21,7.78,12.816,20.596
Sun 31 Oct 21,5.976,9.348,15.324
Mon 1 Nov 21,4.68,9.484,14.164
Tue 2 Nov 21,4.136,6.93,11.066
Wed 3 Nov 21,3.621,9.544,13.165
Thu 4 Nov 21,4.427,11.051,15.478
Fri 5 Nov 21,6.069,10.819,16.888
Sat 6 Nov 21,5.9,12.185,18.085
Sun 7 Nov 21,4.567,8.622,13.188
Mon 8 Nov 21,3.729,7.878,11.606
Tue 9 Nov 21,2.685,9.073,11.758
Wed 10 Nov 21,2.18,8.055,10.235
Thu 11 Nov 21,4.351,10.967,15.343
Fri 12 Nov 21,5.907,12.635,18.543
Sat 13 Nov 21,7.137,7.376,14.513
Sun 14 Nov 21,7.176,5.352,12.528
Mon 15 Nov 21,4.416,6.811,11.227
Tue 16 Nov 21,2.486,5.503,7.989
Wed 17 Nov 21,2.775,5.711,8.486
Thu 18 Nov 21,2.7,6.641,9.345
Fri 19 Nov 21,3.143,7.731,10.874
Sat 20 Nov 21,5.275,9.67,14.945
Sun 21 Nov 21,5.468,6.122,11.59
Mon 22 Nov 21,3.629,4.837,8.467
Tue 23 Nov 21,1.895,5.984,7.879
Wed 24 Nov 21,2.147,5.105,7.251
Thu 25 Nov 21,2.894,5.094,7.988
Fri 26 Nov 21,3.889,5.829,9.718
Sat 27 Nov 21,5.287,7.964,13.25
Sun 28 Nov 21,7.624,487.0,8.111
Mon 29 Nov 21,5.288,42.0,5.33
Tue 30 Nov 21,3.265,77.0,3.517
Wed 1 Dec 21,4.722,546.0,5.268
Thu 2 Dec 21,2.47,189.0,2.659
Fri 3 Dec 21,3.631,434.0,4.208
Sat 4 Dec 21,7.23,597.0,8.009
Sun 5 Dec 21,6.02,690.0,6.877
Mon 6 Dec 21,2.432,142.0,2.649
Tue 7 Dec 21,4.576,294.0,5.094
Wed 8 Dec 21,3.232,148.0,3.38
Thu 9 Dec 21,3.016,142.0,3.158
Fri 10 Dec 21,3.741,276.0,4.032
Sat 11 Dec 21,8.867,663.0,9.684
Sun 12 Dec 21,6.545,592.0,7.457
Mon 13 Dec 21,2.928,207.0,3.406
Tue 14 Dec 21,2.913,355.0,3.375
Wed 15 Dec 21,2.515,221.0,2.85
Thu 16 Dec 21,4.367,296.0,4.85
Fri 17 Dec 21,4.908,350.0,5.345
Sat 18 Dec 21,9.17,745.0,10.362
Sun 19 Dec 21,0.0,0.0,0.0
Mon 20 Dec 21,0.0,0.0,0.0
Tue 21 Dec 21,0.0,0.0,0.0
Wed 22 Dec 21,0.0,0.0,0.0
Thu 23 Dec 21,0.0,0.0,0.0
Fri 24 Dec 21,0.0,0.0,0.0
Sat 25 Dec 21,0.0,0.0,0.0
Sun 26 Dec 21,0.0,0.0,0.0
Mon 27 Dec 21,0.0,0.0,0.0
Tue 28 Dec 21,0.0,0.0,39.0
Wed 29 Dec 21,0.0,0.0,0.0
Thu 30 Dec 21,0.0,0.0,0.0
Fri 31 Dec 21,0.0,0.0,0.0
Sat 1 Jan 22,0.0,0.0,0.0
Sun 2 Jan 22,0.0,0.0,0.0
Mon 3 Jan 22,-25.0,0.0,-25.0
Tue 4 Jan 22,0.0,0.0,0.0
Wed 5 Jan 22,0.0,0.0,0.0
Thu 6 Jan 22,0.0,0.0,0.0
Fri 7 Jan 22,0.0,0.0,0.0
Sat 8 Jan 22,0.0,0.0,0.0
Sun 9 Jan 22,0.0,0.0,0.0
Mon 10 Jan 22,0.0,0.0,0.0
Tue 11 Jan 22,0.0,0.0,0.0
Wed 12 Jan 22,0.0,0.0,0.0
Thu 13 Jan 22,0.0,0.0,0.0
Fri 14 Jan 22,0.0,0.0,0.0
Sat 15 Jan 22,0.0,0.0,0.0
Sun 16 Jan 22,0.0,0.0,0.0
Mon 17 Jan 22,0.0,0.0,0.0
Tue 18 Jan 22,0.0,0.0,0.0
Wed 19 Jan 22,0.0,0.0,0.0
Thu 20 Jan 22,0.0,0.0,0.0
Fri 21 Jan 22,0.0,0.0,0.0
Sat 22 Jan 22,0.0,0.0,0.0
Sun 23 Jan 22,0.0,0.0,0.0
Mon 24 Jan 22,0.0,0.0,0.0
Tue 25 Jan 22,0.0,0.0,0.0
Wed 26 Jan 22,1.559,7.528,9.087
Thu 27 Jan 22,1.444,6.274,7.718
Fri 28 Jan 22,3.146,9.591,12.737
Sat 29 Jan 22,6.629,9.657,16.286
Sun 30 Jan 22,5.804,7.278,13.081
Mon 31 Jan 22,786.0,3.187,3.973
Tue 1 Feb 22,2.062,5.824,7.885
Wed 2 Feb 22,1.487,4.936,6.424
Thu 3 Feb 22,1.427,6.222,7.65
Fri 4 Feb 22,2.765,7.699,10.464
Sat 5 Feb 22,5.832,9.711,15.543
Sun 6 Feb 22,2.535,4.961,7.496
Mon 7 Feb 22,2.064,4.113,6.177
Tue 8 Feb 22,2.035,6.084,8.118
Wed 9 Feb 22,1.563,3.81,5.373
Thu 10 Feb 22,1.313,5.271,6.584
Fri 11 Feb 22,2.801,9.795,12.596
Sat 12 Feb 22,8.354,12.243,20.597
Sun 13 Feb 22,5.675,8.279,13.954
Mon 14 Feb 22,3.823,11.078,14.9
Tue 15 Feb 22,2.366,6.349,8.715
Wed 16 Feb 22,1.968,4.92,6.888
Thu 17 Feb 22,2.412,7.587,9.999
Fri 18 Feb 22,1.633,4.541,6.292
Sat 19 Feb 22,7.066,11.106,18.172
Sun 20 Feb 22,3.632,6.258,9.959
Mon 21 Feb 22,1.952,4.324,6.276
Tue 22 Feb 22,1.168,6.476,7.644
Wed 23 Feb 22,3.538,7.268,10.806
Thu 24 Feb 22,2.278,7.051,9.329
Fri 25 Feb 22,2.94,10.47,13.41
Sat 26 Feb 22,7.787,12.576,20.368
Sun 27 Feb 22,7.032,8.295,15.327
Mon 28 Feb 22,3.47,8.489,11.959
Tue 1 Mar 22,2.601,9.49,12.092
Wed 2 Mar 22,1.967,8.045,10.013
Thu 3 Mar 22,2.171,9.001,11.172
Fri 4 Mar 22,3.743,10.432,14.175
Sat 5 Mar 22,8.034,13.147,21.181
Sun 6 Mar 22,6.197,10.472,16.669
Mon 7 Mar 22,2.694,6.281,8.974
Tue 8 Mar 22,2.836,9.396,12.231
Wed 9 Mar 22,0.0,0.0,0.0
Thu 10 Mar 22,2.169,9.666,11.835
Fri 11 Mar 22,4.01,10.17,14.18
Sat 12 Mar 22,7.321,12.679,20.001
Sun 13 Mar 22,5.718,8.924,14.642
Mon 14 Mar 22,3.316,7.858,11.174
Tue 15 Mar 22,2.934,8.368,11.301
Wed 16 Mar 22,2.06,8.207,10.267
Thu 17 Mar 22,2.537,9.299,11.845
Fri 18 Mar 22,3.316,12.278,15.723
Sat 19 Mar 22,6.746,12.604,19.35
Sun 20 Mar 22,6.705,9.153,15.858
Mon 21 Mar 22,3.552,9.907,13.459
Tue 22 Mar 22,4.191,9.546,13.738
Wed 23 Mar 22,2.987,10.716,13.703
Thu 24 Mar 22,3.627,10.577,14.204
Fri 25 Mar 22,4.93,14.147,19.077
Sat 26 Mar 22,9.42,15.94,25.359
Sun 27 Mar 22,6.176,12.106,18.282
Mon 28 Mar 22,3.027,12.52,15.546
Tue 29 Mar 22,3.872,12.382,16.254
Wed 30 Mar 22,4.55,11.392,15.942
Thu 31 Mar 22,2.755,10.66,13.414
Fri 1 Apr 22,6.115,11.248,17.363
Sat 2 Apr 22,8.887,15.762,24.649
Sun 3 Apr 22,6.706,12.135,18.841
Mon 4 Apr 22,3.231,11.524,14.755
Tue 5 Apr 22,3.224,11.38,14.604
Wed 6 Apr 22,3.418,11.996,15.415
Thu 7 Apr 22,3.9,11.943,15.843
Fri 8 Apr 22,5.738,11.44,17.177
Sat 9 Apr 22,9.213,14.934,24.147
Sun 10 Apr 22,7.962,12.71,20.684
Mon 11 Apr 22,5.649,13.211,18.859
Tue 12 Apr 22,4.986,14.513,19.499
Wed 13 Apr 22,5.44,13.978,19.419
Thu 14 Apr 22,5.54,13.529,19.069
Fri 15 Apr 22,8.809,14.892,23.7
Sat 16 Apr 22,9.979,15.337,25.315
Sun 17 Apr 22,10.695,13.912,24.611
Mon 18 Apr 22,10.881,13.446,24.326
Tue 19 Apr 22,7.858,13.516,21.374
Wed 20 Apr 22,3.971,14.16,18.13
Thu 21 Apr 22,5.495,12.935,18.43
Fri 22 Apr 22,5.645,16.01,21.655
Sat 23 Apr 22,10.331,14.313,24.644
Sun 24 Apr 22,7.229,12.675,19.904
Mon 25 Apr 22,7.026,12.442,19.468
Tue 26 Apr 22,6.096,10.64,16.736
Wed 27 Apr 22,5.759,10.34,16.099
Thu 28 Apr 22,4.116,10.645,14.761
Fri 29 Apr 22,6.861,12.081,18.942
Sat 30 Apr 22,9.597,15.237,24.834
Sun 1 May 22,8.6,13.602,22.201
Mon 2 May 22,5.078,12.289,17.367
Tue 3 May 22,7.125,11.751,18.877
Wed 4 May 22,6.955,12.613,19.568
Thu 5 May 22,5.127,14.596,19.722
Fri 6 May 22,4.144,15.18,19.323
Sat 7 May 22,8.769,16.469,25.238
Sun 8 May 22,6.969,10.797,17.765
Mon 9 May 22,4.104,13.847,17.951
Tue 10 May 22,3.446,13.294,16.739
Wed 11 May 22,4.34,9.464,13.804
Thu 12 May 22,3.778,12.396,16.174
Fri 13 May 22,6.891,13.426,20.317
Sat 14 May 22,9.433,13.649,23.083
Sun 15 May 22,8.96,10.303,19.263
Mon 16 May 22,5.887,12.899,18.787
Tue 17 May 22,3.738,13.622,17.359
Wed 18 May 22,5.295,10.519,15.814
Thu 19 May 22,4.022,12.429,16.451
Fri 20 May 22,4.711,11.494,16.205
Sat 21 May 22,9.258,15.53,24.787
Sun 22 May 22,9.215,13.858,23.074
Mon 23 May 22,4.626,11.491,16.117
Tue 24 May 22,3.756,10.429,14.185
Wed 25 May 22,4.094,9.895,13.989
Thu 26 May 22,7.679,12.99,20.669
Fri 27 May 22,8.042,15.374,23.416
Sat 28 May 22,9.805,15.623,25.428
Sun 29 May 22,7.273,12.271,19.545
Mon 30 May 22,5.354,12.692,18.046
Tue 31 May 22,5.611,12.901,18.511
Wed 1 Jun 22,4.322,11.897,16.219
Thu 2 Jun 22,6.503,13.397,19.9
Fri 3 Jun 22,5.873,15.464,21.337
Sat 4 Jun 22,9.58,15.425,25.005
Sun 5 Jun 22,9.439,14.17,23.609
Mon 6 Jun 22,8.103,14.927,23.03
Tue 7 Jun 22,4.339,13.277,17.616
Wed 8 Jun 22,4.88,12.063,16.944
Thu 9 Jun 22,3.56,11.777,15.337
Fri 10 Jun 22,5.37,13.238,18.608
Sat 11 Jun 22,7.291,16.477,23.768
Sun 12 Jun 22,8.789,12.557,21.346
Mon 13 Jun 22,5.969,14.776,20.745
Tue 14 Jun 22,6.783,13.146,19.93
Wed 15 Jun 22,4.793,15.319,20.112
Thu 16 Jun 22,4.865,13.512,18.377
Fri 17 Jun 22,6.139,14.41,20.549
Sat 18 Jun 22,8.111,16.243,24.354
Sun 19 Jun 22,8.197,12.013,20.21
Mon 20 Jun 22,4.811,13.214,18.024
Tue 21 Jun 22,4.209,13.965,18.174
Wed 22 Jun 22,4.488,14.316,18.804
Thu 23 Jun 22,5.774,13.332,19.107
Fri 24 Jun 22,4.106,13.321,17.427
Sat 25 Jun 22,7.407,14.339,21.746
Sun 26 Jun 22,7.766,15.609,23.375
Mon 27 Jun 22,5.484,11.968,17.451
Tue 28 Jun 22,6.049,14.61,20.66
Wed 29 Jun 22,6.617,13.063,19.68
Thu 30 Jun 22,6.031,10.988,17.019
Fri 1 Jul 22,5.203,16.207,21.437
Sat 2 Jul 22,8.838,17.171,26.009
Sun 3 Jul 22,8.764,15.801,24.565
Mon 4 Jul 22,5.052,15.09,20.143
Tue 5 Jul 22,5.785,14.552,20.337
Wed 6 Jul 22,5.663,12.762,18.424
Thu 7 Jul 22,5.467,12.783,18.25
Fri 8 Jul 22,4.353,16.449,20.802
Sat 9 Jul 22,7.334,16.796,24.13
Sun 10 Jul 22,7.342,12.595,19.937
Mon 11 Jul 22,6.349,15.61,21.96
Tue 12 Jul 22,6.705,12.7,19.405
Wed 13 Jul 22,5.409,13.294,18.703
Thu 14 Jul 22,5.903,12.679,18.582
Fri 15 Jul 22,5.27,15.769,21.038
Sat 16 Jul 22,8.144,17.492,25.636
Sun 17 Jul 22,9.182,16.832,26.014
Mon 18 Jul 22,6.144,13.197,19.34
Tue 19 Jul 22,6.01,14.199,20.209
Wed 20 Jul 22,4.564,14.194,18.757
Thu 21 Jul 22,4.39,13.158,17.548
Fri 22 Jul 22,5.923,16.426,22.349
Sat 23 Jul 22,7.915,16.848,24.763
Sun 24 Jul 22,7.599,15.376,22.976
Mon 25 Jul 22,5.476,17.558,23.034
Tue 26 Jul 22,4.623,14.629,19.253
Wed 27 Jul 22,6.473,15.268,21.747
Thu 28 Jul 22,5.129,14.044,19.173
Fri 29 Jul 22,6.165,16.11,22.275
Sat 30 Jul 22,7.621,19.047,26.668
Sun 31 Jul 22,5.902,14.262,20.164
Mon 1 Aug 22,7.51,16.696,24.205
Tue 2 Aug 22,5.834,14.622,20.457
Wed 3 Aug 22,5.72,13.901,19.621
Thu 4 Aug 22,6.639,14.102,20.742
Fri 5 Aug 22,6.953,15.147,22.1
Sat 6 Aug 22,7.625,16.731,24.356
Sun 7 Aug 22,7.721,15.704,23.425
Mon 8 Aug 22,6.47,12.779,19.249
Tue 9 Aug 22,6.651,13.906,20.557
Wed 10 Aug 22,5.213,15.931,21.144
Thu 11 Aug 22,4.856,17.408,22.297
Fri 12 Aug 22,7.242,17.667,24.908
Sat 13 Aug 22,7.042,13.713,20.755
Sun 14 Aug 22,7.595,12.613,20.208
Mon 15 Aug 22,6.452,11.805,18.257
Tue 16 Aug 22,8.002,17.346,25.356
Wed 17 Aug 22,4.744,13.584,18.33
Thu 18 Aug 22,5.314,18.126,23.44
Fri 19 Aug 22,7.635,18.574,26.209
Sat 20 Aug 22,8.408,16.177,24.626
Sun 21 Aug 22,6.125,15.562,21.687
Mon 22 Aug 22,5.735,15.459,21.195
Tue 23 Aug 22,5.038,14.338,19.377
Wed 24 Aug 22,6.295,13.049,19.344
Thu 25 Aug 22,4.878,13.3,18.178
Fri 26 Aug 22,5.887,15.489,21.377
Sat 27 Aug 22,8.331,13.423,21.754
Sun 28 Aug 22,9.6,13.22,22.82
Mon 29 Aug 22,4.735,13.485,18.219
Tue 30 Aug 22,4.469,13.367,17.864
Wed 31 Aug 22,3.605,12.737,16.343
Thu 1 Sept 22,3.795,16.741,20.584
Fri 2 Sept 22,7.478,15.791,23.339
Sat 3 Sept 22,7.948,16.118,24.066
Sun 4 Sept 22,7.73,16.986,24.716
Mon 5 Sept 22,5.148,15.838,20.986
Tue 6 Sept 22,5.185,15.991,21.229
Wed 7 Sept 22,5.487,15.924,21.411
Thu 8 Sept 22,5.762,14.336,20.105
Fri 9 Sept 22,4.461,16.288,20.749
Sat 10 Sept 22,7.758,16.832,24.591
Sun 11 Sept 22,9.302,17.076,26.377
Mon 12 Sept 22,5.257,18.021,23.278
Tue 13 Sept 22,4.572,13.381,17.953
Wed 14 Sept 22,4.602,13.043,17.649
Thu 15 Sept 22,4.367,13.716,18.083
Fri 16 Sept 22,3.875,15.978,19.853
Sat 17 Sept 22,8.021,15.794,23.815
Sun 18 Sept 22,8.532,13.907,22.439
Mon 19 Sept 22,4.5,13.138,17.638
Tue 20 Sept 22,3.497,12.166,15.663
Wed 21 Sept 22,2.793,13.347,16.14
Thu 22 Sept 22,4.785,13.569,18.419
Fri 23 Sept 22,4.854,15.22,20.075
Sat 24 Sept 22,7.091,16.608,23.699
Sun 25 Sept 22,9.828,16.387,26.216
Mon 26 Sept 22,2.859,12.679,15.537
Tue 27 Sept 22,4.301,12.69,16.991
Wed 28 Sept 22,3.691,13.308,16.999
Thu 29 Sept 22,4.268,13.106,17.379
Fri 30 Sept 22,6.319,14.891,21.209
Sat 1 Oct 22,7.414,14.86,22.316
Sun 2 Oct 22,10.355,17.744,28.098
Mon 3 Oct 22,7.565,14.937,22.502
Tue 4 Oct 22,4.586,12.546,17.132
Wed 5 Oct 22,3.323,12.371,15.694
Thu 6 Oct 22,4.114,13.999,18.114
Fri 7 Oct 22,5.437,16.527,21.965
Sat 8 Oct 22,8.503,18.518,27.02
Sun 9 Oct 22,7.723,16.201,23.924
Mon 10 Oct 22,4.28,14.258,18.538
Tue 11 Oct 22,5.294,11.72,17.022
Wed 12 Oct 22,3.956,12.961,16.918
Thu 13 Oct 22,3.559,14.572,18.13
Fri 14 Oct 22,4.799,15.621,20.42
Sat 15 Oct 22,9.384,17.519,26.903
Sun 16 Oct 22,9.425,15.584,25.008
Mon 17 Oct 22,3.883,14.625,18.508
Tue 18 Oct 22,5.085,15.935,21.019
Wed 19 Oct 22,4.455,16.176,20.631
Thu 20 Oct 22,6.086,14.865,20.951
Fri 21 Oct 22,7.445,18.358,25.804
Sat 22 Oct 22,9.828,16.858,26.686
Sun 23 Oct 22,10.062,13.301,23.362
Mon 24 Oct 22,7.709,14.493,22.202
Tue 25 Oct 22,5.065,15.26,20.326
Wed 26 Oct 22,5.696,14.695,20.391
Thu 27 Oct 22,6.163,14.178,20.344
Fri 28 Oct 22,6.624,17.538,26.143
Sat 29 Oct 22,9.86,17.841,27.701
Sun 30 Oct 22,11.635,17.66,29.295
Mon 31 Oct 22,8.088,15.949,24.037
Tue 1 Nov 22,7.292,14.462,21.755
Wed 2 Nov 22,4.775,13.091,17.866
Thu 3 Nov 22,4.022,13.036,17.058
Fri 4 Nov 22,5.736,14.846,20.581
Sat 5 Nov 22,10.669,17.593,28.262
Sun 6 Nov 22,8.755,11.318,20.073
Mon 7 Nov 22,4.48,9.808,14.288
Tue 8 Nov 22,2.572,12.063,14.635
Wed 9 Nov 22,2.427,12.351,14.778
Thu 10 Nov 22,3.478,12.76,16.238
Fri 11 Nov 22,7.087,18.274,25.361
Sat 12 Nov 22,10.749,19.817,30.566
Sun 13 Nov 22,10.719,16.472,27.191
Mon 14 Nov 22,4.388,13.793,18.188
Tue 15 Nov 22,6.147,13.588,19.735
Wed 16 Nov 22,4.259,15.273,19.533
Thu 17 Nov 22,3.437,13.326,16.763
Fri 18 Nov 22,6.092,17.885,23.977
Sat 19 Nov 22,10.262,17.723,27.985
Sun 20 Nov 22,8.594,13.937,22.53
Mon 21 Nov 22,4.122,12.753,16.875
Tue 22 Nov 22,4.323,11.63,15.953
Wed 23 Nov 22,3.098,12.344,15.442
Thu 24 Nov 22,3.837,14.481,18.318
Fri 25 Nov 22,6.697,16.55,23.247
Sat 26 Nov 22,8.042,19.588,27.631
Sun 27 Nov 22,8.964,12.06,21.025
Mon 28 Nov 22,3.24,12.184,15.424
Tue 29 Nov 22,3.625,8.984,12.609
Wed 30 Nov 22,4.017,11.342,15.359
Thu 1 Dec 22,4.106,13.636,17.742
Fri 2 Dec 22,6.712,16.98,23.692
Sat 3 Dec 22,9.321,15.785,25.107
Sun 4 Dec 22,8.948,12.966,21.914
Mon 5 Dec 22,4.415,10.788,15.203
Tue 6 Dec 22,3.789,10.502,14.323
Wed 7 Dec 22,2.774,10.904,13.678
Thu 8 Dec 22,4.298,13.577,17.875
Fri 9 Dec 22,6.934,12.033,18.967
Sat 10 Dec 22,9.82,16.274,26.094
Sun 11 Dec 22,6.661,13.979,20.64
Mon 12 Dec 22,5.679,10.822,16.501
Tue 13 Dec 22,2.295,8.014,10.31
Wed 14 Dec 22,3.845,11.315,15.159
Thu 15 Dec 22,2.883,16.826,19.709
Fri 16 Dec 22,4.86,15.275,20.135
Sat 17 Dec 22,7.299,19.037,26.336
Sun 18 Dec 22,6.373,8.729,15.102
Mon 19 Dec 22,4.226,13.458,17.684
Tue 20 Dec 22,4.838,10.498,15.336
Wed 21 Dec 22,3.397,12.802,16.199
Thu 22 Dec 22,4.751,12.194,16.945
Fri 23 Dec 22,3.609,15.601,19.21
Sat 24 Dec 22,6.328,1.991,8.319
Sun 25 Dec 22,10.347,15.437,25.784
Mon 26 Dec 22,9.592,16.572,26.218
Tue 27 Dec 22,8.654,14.947,23.602
Wed 28 Dec 22,8.713,18.317,27.05
Thu 29 Dec 22,9.291,16.533,25.824
Fri 30 Dec 22,9.385,18.759,28.144
Sat 31 Dec 22,9.211,15.255,24.466
Sun 1 Jan 23,8.78,17.537,26.317
Mon 2 Jan 23,5.765,13.399,19.164
Tue 3 Jan 23,7.489,14.075,21.564
Wed 4 Jan 23,5.691,12.907,18.598
Thu 5 Jan 23,4.865,15.135,20.0
Fri 6 Jan 23,5.041,16.794,21.835
Sat 7 Jan 23,8.073,15.746,23.819
Sun 8 Jan 23,5.085,8.879,13.964
Mon 9 Jan 23,3.555,9.601,13.156
Tue 10 Jan 23,1.983,9.7,11.682
Wed 11 Jan 23,3.074,11.267,14.341
Thu 12 Jan 23,2.115,9.118,11.233
Fri 13 Jan 23,3.755,15.255,19.011
Sat 14 Jan 23,5.01,18.369,23.379
Sun 15 Jan 23,5.628,9.335,14.963
Mon 16 Jan 23,2.413,7.357,9.77
Tue 17 Jan 23,2.238,8.994,11.231
Wed 18 Jan 23,2.039,9.123,11.162
Thu 19 Jan 23,3.54,9.604,13.144
Fri 20 Jan 23,4.104,13.517,17.621
Sat 21 Jan 23,8.116,18.239,26.356
Sun 22 Jan 23,7.504,11.124,18.628
Mon 23 Jan 23,3.074,9.608,12.682
Tue 24 Jan 23,2.037,8.821,10.858
Wed 25 Jan 23,3.009,10.575,13.584
Thu 26 Jan 23,3.431,13.56,16.991
Fri 27 Jan 23,6.524,16.63,23.154
Sat 28 Jan 23,10.28,21.206,31.513
Sun 29 Jan 23,5.15,11.566,16.715
Mon 30 Jan 23,3.752,8.491,12.244
Tue 31 Jan 23,2.111,9.756,11.867
Wed 1 Feb 23,2.918,12.453,15.371
Thu 2 Feb 23,3.509,10.101,13.61
Fri 3 Feb 23,4.958,17.76,22.718
Sat 4 Feb 23,6.509,17.13,23.639
Sun 5 Feb 23,8.337,11.903,20.24
Mon 6 Feb 23,3.363,12.113,15.476
Tue 7 Feb 23,3.207,9.528,12.735
Wed 8 Feb 23,2.308,8.704,11.012
Thu 9 Feb 23,3.817,14.626,18.443
Fri 10 Feb 23,4.809,18.618,23.427
Sat 11 Feb 23,8.602,20.692,29.294
Sun 12 Feb 23,6.354,9.655,16.009
Mon 13 Feb 23,3.36,11.584,14.944
Tue 14 Feb 23,5.178,17.967,23.145
Wed 15 Feb 23,3.047,10.643,13.69
Thu 16 Feb 23,4.172,12.622,16.794
Fri 17 Feb 23,5.58,18.654,24.235
Sat 18 Feb 23,7.001,20.454,27.455
Sun 19 Feb 23,7.45,12.098,19.548
Mon 20 Feb 23,4.554,11.753,16.307
Tue 21 Feb 23,5.168,11.253,16.421
Wed 22 Feb 23,4.607,11.661,16.267
Thu 23 Feb 23,2.987,15.808,18.795
Fri 24 Feb 23,5.504,18.234,23.738
Sat 25 Feb 23,10.691,21.722,32.412
Sun 26 Feb 23,7.197,12.749,19.946
Mon 27 Feb 23,3.932,11.636,15.568
Tue 28 Feb 23,2.789,12.052,14.841
Wed 1 Mar 23,4.966,10.268,15.234
Thu 2 Mar 23,5.14,12.609,17.749
Fri 3 Mar 23,7.096,18.253,25.349
Sat 4 Mar 23,10.362,18.551,28.919
Sun 5 Mar 23,9.091,12.461,21.552
Mon 6 Mar 23,3.265,9.291,12.556
Tue 7 Mar 23,2.905,10.144,13.05
Wed 8 Mar 23,4.041,9.688,13.728
Thu 9 Mar 23,3.32,13.93,17.25
Fri 10 Mar 23,4.435,17.258,21.693
Sat 11 Mar 23,8.685,22.731,31.416
Sun 12 Mar 23,8.913,14.777,23.691
Mon 13 Mar 23,0.0,0.0,0.0
Tue 14 Mar 23,0.0,9.251,9.251
Wed 15 Mar 23,4.347,13.599,17.947
Thu 16 Mar 23,4.671,14.769,19.448
Fri 17 Mar 23,6.486,19.057,25.544
Sat 18 Mar 23,11.321,20.311,31.633
Sun 19 Mar 23,8.516,15.132,23.648
Mon 20 Mar 23,5.439,12.684,18.124
Tue 21 Mar 23,4.008,13.854,17.862
Wed 22 Mar 23,4.339,14.4,18.739
Thu 23 Mar 23,4.436,15.715,20.15
Fri 24 Mar 23,5.418,20.509,25.928
Sat 25 Mar 23,12.556,20.497,33.053
Sun 26 Mar 23,8.921,14.417,25.869
Mon 27 Mar 23,8.277,14.578,22.855
Tue 28 Mar 23,3.967,14.311,18.278
Wed 29 Mar 23,5.154,14.401,19.555
Thu 30 Mar 23,5.297,16.151,21.448
Fri 31 Mar 23,7.179,20.824,28.003
Sat 1 Apr 23,10.854,21.235,32.089
Sun 2 Apr 23,9.816,15.789,25.605
Mon 3 Apr 23,4.1,15.85,19.949
Tue 4 Apr 23,5.237,15.654,20.891
Wed 5 Apr 23,6.017,15.176,21.194
Thu 6 Apr 23,8.692,17.606,26.298
Fri 7 Apr 23,12.318,20.412,32.73
Sat 8 Apr 23,10.338,22.667,33.005
Sun 9 Apr 23,11.347,20.203,31.551
Mon 10 Apr 23,10.945,13.868,25.421
Tue 11 Apr 23,6.309,13.571,19.88
Wed 12 Apr 23,5.412,13.996,19.408
Thu 13 Apr 23,6.4,18.247,24.647
Fri 14 Apr 23,6.828,18.635,25.463
Sat 15 Apr 23,8.236,21.921,30.157
Sun 16 Apr 23,8.912,15.751,24.663
Mon 17 Apr 23,6.41,15.806,22.216
Tue 18 Apr 23,4.532,14.304,18.836
Wed 19 Apr 23,4.175,15.278,19.452
Thu 20 Apr 23,4.44,16.705,21.145
Fri 21 Apr 23,8.267,20.759,29.026
Sat 22 Apr 23,8.945,20.578,29.524
Sun 23 Apr 23,0.0,0.0,0.0
Mon 24 Apr 23,6.898,19.812,26.71
Tue 25 Apr 23,5.721,15.986,21.706
Wed 26 Apr 23,8.849,14.969,23.818
Thu 27 Apr 23,8.938,15.165,24.103
Fri 28 Apr 23,8.505,17.698,26.202
Sat 29 Apr 23,10.244,23.021,33.266
Sun 30 Apr 23,10.954,17.928,28.882
Mon 1 May 23,9.392,16.652,26.043
Tue 2 May 23,6.516,14.27,20.786
Wed 3 May 23,6.916,15.347,22.263
Thu 4 May 23,5.557,17.871,23.428
Fri 5 May 23,8.997,18.675,27.672
Sat 6 May 23,14.218,20.624,34.842
Sun 7 May 23,8.417,16.154,24.571
Mon 8 May 23,9.187,15.966,25.153
Tue 9 May 23,5.621,12.549,18.916
Wed 10 May 23,5.203,12.516,17.719
Thu 11 May 23,5.59,17.096,22.686
Fri 12 May 23,5.146,21.032,26.177
Sat 13 May 23,10.417,23.64,34.058
Sun 14 May 23,8.287,15.411,23.697
Mon 15 May 23,5.508,14.214,19.722
Tue 16 May 23,4.737,11.453,16.19
Wed 17 May 23,4.744,17.296,22.04
Thu 18 May 23,11.031,19.915,30.946
Fri 19 May 23,11.862,20.951,32.813
Sat 20 May 23,8.522,21.822,30.344
Sun 21 May 23,8.83,18.34,27.17
Mon 22 May 23,5.295,17.226,22.521
Tue 23 May 23,4.451,14.472,18.923
Wed 24 May 23,5.718,16.864,22.582
Thu 25 May 23,5.072,16.135,21.207
Fri 26 May 23,5.364,20.404,25.768
Sat 27 May 23,10.075,20.369,30.443
Sun 28 May 23,10.435,20.036,30.471
Mon 29 May 23,10.282,19.055,29.337
Tue 30 May 23,5.302,12.988,18.29
Wed 31 May 23,3.171,12.673,15.844
Thu 1 Jun 23,4.717,15.186,19.902
Fri 2 Jun 23,7.164,18.763,25.927
Sat 3 Jun 23,8.391,23.357,31.748
Sun 4 Jun 23,9.714,18.247,27.961
Mon 5 Jun 23,6.227,15.797,22.025
Tue 6 Jun 23,5.077,16.236,21.313
Wed 7 Jun 23,4.235,14.538,18.773
Thu 8 Jun 23,5.009,17.818,22.826
Fri 9 Jun 23,7.195,20.641,27.835
Sat 10 Jun 23,8.564,20.886,29.449
Sun 11 Jun 23,7.959,16.693,24.652
Mon 12 Jun 23,5.858,13.704,19.562
Tue 13 Jun 23,5.009,10.887,15.896
Wed 14 Jun 23,4.907,14.609,19.516
Thu 15 Jun 23,7.469,18.294,25.763
Fri 16 Jun 23,8.885,22.616,31.5
Sat 17 Jun 23,8.332,19.241,27.573
Sun 18 Jun 23,10.514,17.611,28.125
Mon 19 Jun 23,6.671,15.05,21.72
Tue 20 Jun 23,4.413,10.951,15.364
Wed 21 Jun 23,4.185,14.644,18.828
Thu 22 Jun 23,4.84,14.573,19.412
Fri 23 Jun 23,8.332,18.551,26.883
Sat 24 Jun 23,7.991,22.485,30.476
Sun 25 Jun 23,9.704,16.092,25.796
Mon 26 Jun 23,4.749,14.008,18.757
Tue 27 Jun 23,5.448,14.173,19.621
Wed 28 Jun 23,4.314,14.975,19.289
Thu 29 Jun 23,4.388,15.104,19.492
Fri 30 Jun 23,7.593,21.504,29.097
Sat 1 Jul 23,8.475,18.602,27.077
Sun 2 Jul 23,6.117,14.163,20.279
Mon 3 Jul 23,5.866,15.74,21.606
Tue 4 Jul 23,4.553,14.934,19.487
Wed 5 Jul 23,0.0,12.835,12.835
Thu 6 Jul 23,5.177,17.118,22.295
Fri 7 Jul 23,6.778,16.487,23.265
Sat 8 Jul 23,5.959,12.706,18.664
Sun 9 Jul 23,7.674,15.564,23.238
Mon 10 Jul 23,4.957,17.738,22.695
Tue 11 Jul 23,5.786,17.957,23.743
Wed 12 Jul 23,4.964,16.378,21.42
Thu 13 Jul 23,4.353,19.674,24.027
Fri 14 Jul 23,8.038,21.309,29.347
Sat 15 Jul 23,9.726,21.54,31.267
Sun 16 Jul 23,9.345,18.84,28.185
Mon 17 Jul 23,6.848,16.115,22.963
Tue 18 Jul 23,7.567,14.433,22.0
Wed 19 Jul 23,7.91,16.98,24.89
Thu 20 Jul 23,6.471,14.922,21.393
Fri 21 Jul 23,6.205,20.097,26.302
Sat 22 Jul 23,6.632,20.368,27.0
Sun 23 Jul 23,7.754,18.73,26.484
Mon 24 Jul 23,4.644,15.417,20.061
Tue 25 Jul 23,5.122,17.346,22.468
Wed 26 Jul 23,5.003,17.711,22.714
Thu 27 Jul 23,5.826,16.95,22.776
Fri 28 Jul 23,7.372,20.234,27.606
Sat 29 Jul 23,8.264,21.816,30.08
Sun 30 Jul 23,5.34,17.286,22.627
Mon 31 Jul 23,5.688,16.358,22.046
Tue 1 Aug 23,6.184,15.815,22.0
Wed 2 Aug 23,6.171,16.917,23.088
Thu 3 Aug 23,5.072,19.77,24.842
Fri 4 Aug 23,4.292,18.879,23.171
Sat 5 Aug 23,5.897,18.534,24.431
Sun 6 Aug 23,5.806,16.786,22.592
Mon 7 Aug 23,7.679,16.168,23.847
Tue 8 Aug 23,5.437,17.615,23.052
Wed 9 Aug 23,5.953,14.821,20.774
Thu 10 Aug 23,5.807,20.632,26.44
Fri 11 Aug 23,6.642,18.326,24.967
Sat 12 Aug 23,6.504,21.53,28.035
Sun 13 Aug 23,8.751,17.97,26.817
Mon 14 Aug 23,6.308,14.452,20.76
Tue 15 Aug 23,5.173,16.638,21.812
Wed 16 Aug 23,5.939,18.472,24.411
Thu 17 Aug 23,4.198,15.967,20.166
Fri 18 Aug 23,6.007,19.036,25.043
Sat 19 Aug 23,6.164,15.348,21.513
Sun 20 Aug 23,5.942,12.451,18.393
Mon 21 Aug 23,5.723,13.166,18.889
Tue 22 Aug 23,5.868,16.78,22.648
Wed 23 Aug 23,5.982,17.321,23.303
Thu 24 Aug 23,5.427,18.507,23.934
Fri 25 Aug 23,7.133,21.792,28.997
Sat 26 Aug 23,6.299,24.508,30.806
Sun 27 Aug 23,7.27,21.06,28.33
Mon 28 Aug 23,6.599,16.413,23.012
Tue 29 Aug 23,6.595,14.664,21.259
Wed 30 Aug 23,3.941,16.193,20.135
Thu 31 Aug 23,3.719,15.492,19.211
Fri 1 Sept 23,5.064,16.524,21.588
Sat 2 Sept 23,5.287,20.279,25.566
Sun 3 Sept 23,7.215,16.448,23.663
Mon 4 Sept 23,4.031,14.974,19.005
Tue 5 Sept 23,2.885,14.502,17.387
Wed 6 Sept 23,2.39,12.949,15.384
Thu 7 Sept 23,5.884,15.291,21.174
Fri 8 Sept 23,5.687,21.496,27.183
Sat 9 Sept 23,10.08,23.318,33.398
Sun 10 Sept 23,8.87,18.532,27.56
Mon 11 Sept 23,5.046,14.777,19.823
Tue 12 Sept 23,4.107,14.766,18.874
Wed 13 Sept 23,3.208,16.224,19.534
Thu 14 Sept 23,4.716,17.707,22.423
Fri 15 Sept 23,5.821,25.825,31.682
Sat 16 Sept 23,7.51,27.868,35.378
Sun 17 Sept 23,7.275,21.174,28.449
Mon 18 Sept 23,4.94,14.417,19.358
Tue 19 Sept 23,4.973,13.057,18.03
Wed 20 Sept 23,5.283,14.963,20.246
Thu 21 Sept 23,3.614,17.516,21.13
Fri 22 Sept 23,5.629,20.251,25.88
Sat 23 Sept 23,10.636,25.529,36.165
Sun 24 Sept 23,8.725,19.667,28.393
Mon 25 Sept 23,5.451,16.534,21.985
Tue 26 Sept 23,4.971,16.652,21.622
Wed 27 Sept 23,3.826,14.487,18.313
Thu 28 Sept 23,4.588,16.283,20.871
Fri 29 Sept 23,4.897,21.437,26.333
Sat 30 Sept 23,10.312,26.654,36.966
Sun 1 Oct 23,11.492,20.017,31.509
Mon 2 Oct 23,7.292,18.914,26.205
Tue 3 Oct 23,3.488,14.923,18.411
Wed 4 Oct 23,4.931,18.618,23.549
Thu 5 Oct 23,4.558,19.636,24.194
Fri 6 Oct 23,5.42,21.526,26.947
Sat 7 Oct 23,10.007,22.385,32.391
Sun 8 Oct 23,9.475,17.984,27.459
Mon 9 Oct 23,5.592,16.518,22.11
Tue 10 Oct 23,4.227,15.779,20.005
Wed 11 Oct 23,5.089,17.341,22.43
Thu 12 Oct 23,4.462,18.172,22.635
Fri 13 Oct 23,6.586,21.51,28.097
Sat 14 Oct 23,9.313,27.801,37.114
Sun 15 Oct 23,5.682,17.404,23.086
Mon 16 Oct 23,3.466,15.302,18.768
Tue 17 Oct 23,4.229,19.46,23.688
Wed 18 Oct 23,4.463,15.927,20.39
Thu 19 Oct 23,4.665,22.078,26.743
Fri 20 Oct 23,6.438,27.49,33.928
Sat 21 Oct 23,11.057,20.505,31.562
Sun 22 Oct 23,10.802,19.351,30.153
Mon 23 Oct 23,5.252,15.212,20.464
Tue 24 Oct 23,3.472,17.233,20.705
Wed 25 Oct 23,5.095,18.305,23.4
Thu 26 Oct 23,4.238,16.266,20.504
Fri 27 Oct 23,5.23,22.228,27.458
Sat 28 Oct 23,7.665,23.413,31.078
Sun 29 Oct 23,11.504,18.24,29.744
Mon 30 Oct 23,4.694,13.36,18.054
Tue 31 Oct 23,3.832,12.456,16.288
Wed 1 Nov 23,7.797,15.094,22.891
Thu 2 Nov 23,4.24,15.262,19.502
Fri 3 Nov 23,5.2,17.21,22.41
Sat 4 Nov 23,8.014,24.61,32.623
Sun 5 Nov 23,9.477,15.38,24.858
Mon 6 Nov 23,4.493,15.168,19.661
Tue 7 Nov 23,3.121,13.289,16.41
Wed 8 Nov 23,3.678,15.041,18.768
Thu 9 Nov 23,4.805,15.267,20.072
Fri 10 Nov 23,4.648,19.414,24.062
Sat 11 Nov 23,9.208,24.03,33.263
Sun 12 Nov 23,10.29,16.126,26.417
Mon 13 Nov 23,4.778,13.51,18.292
Tue 14 Nov 23,2.91,15.056,17.966
Wed 15 Nov 23,3.169,18.208,21.377
Thu 16 Nov 23,3.482,21.465,24.947
Fri 17 Nov 23,5.007,23.45,28.457
Sat 18 Nov 23,8.637,24.039,32.676
Sun 19 Nov 23,10.089,19.478,29.567
Mon 20 Nov 23,4.315,13.472,17.788
Tue 21 Nov 23,3.492,10.196,13.688
Wed 22 Nov 23,3.181,12.644,15.825
Thu 23 Nov 23,4.511,16.874,21.385
Fri 24 Nov 23,6.704,18.752,25.455
Sat 25 Nov 23,6.861,27.699,34.56
Sun 26 Nov 23,6.718,15.76,22.478
Mon 27 Nov 23,3.515,7.656,11.191
Tue 28 Nov 23,3.907,12.126,16.033
Wed 29 Nov 23,3.597,11.313,14.911
Thu 30 Nov 23,3.005,18.453,21.458
Fri 1 Dec 23,5.623,20.788,26.41
Sat 2 Dec 23,11.012,24.606,35.618
Sun 3 Dec 23,8.693,12.058,20.751
Mon 4 Dec 23,3.938,8.034,11.973
Tue 5 Dec 23,3.445,8.515,11.96
Wed 6 Dec 23,3.557,11.856,15.413
Thu 7 Dec 23,4.534,12.431,16.976
Fri 8 Dec 23,4.913,17.842,22.755
Sat 9 Dec 23,6.63,23.272,29.902
Sun 10 Dec 23,7.478,12.638,20.116
Mon 11 Dec 23,3.29,8.58,11.87
Tue 12 Dec 23,3.418,9.039,12.456
Wed 13 Dec 23,1.998,9.138,11.136
Thu 14 Dec 23,5.214,12.014,17.228
Fri 15 Dec 23,3.762,21.601,25.364
Sat 16 Dec 23,5.985,23.559,29.544
Sun 17 Dec 23,5.465,13.852,19.317
Mon 18 Dec 23,4.708,8.889,13.597
Tue 19 Dec 23,3.062,8.332,11.394
Wed 20 Dec 23,3.443,9.769,13.212
Thu 21 Dec 23,2.82,10.887,13.707
Fri 22 Dec 23,3.443,19.391,22.835
Sat 23 Dec 23,5.036,17.49,22.526
Sun 24 Dec 23,5.78,1.922,7.702
Mon 25 Dec 23,9.875,21.355,31.231
Tue 26 Dec 23,9.453,21.33,30.783
Wed 27 Dec 23,7.212,18.018,25.23
Thu 28 Dec 23,8.519,20.194,28.713
Fri 29 Dec 23,8.949,25.318,34.267
Sat 30 Dec 23,8.081,24.655,32.736
Sun 31 Dec 23,9.119,27.194,36.313
Mon 1 Jan 24,7.008,20.277,27.285
Tue 2 Jan 24,6.172,14.26,20.432
Wed 3 Jan 24,5.117,15.959,21.076
Thu 4 Jan 24,5.92,15.859,21.779
Fri 5 Jan 24,3.304,17.275,20.579
Sat 6 Jan 24,5.185,21.398,26.583
Sun 7 Jan 24,3.15,9.823,12.973
Mon 8 Jan 24,2.044,5.722,7.766
Tue 9 Jan 24,1.292,8.853,10.146
Wed 10 Jan 24,2.095,8.062,10.157
Thu 11 Jan 24,1.943,8.488,10.431
Fri 12 Jan 24,1.651,15.127,16.778
Sat 13 Jan 24,3.155,16.279,19.434
Sun 14 Jan 24,4.14,7.933,12.073
Mon 15 Jan 24,3.193,5.709,8.902
Tue 16 Jan 24,3.131,5.467,8.597
Wed 17 Jan 24,1.704,5.727,7.43
Thu 18 Jan 24,1.907,10.981,12.889
Fri 19 Jan 24,2.775,15.71,18.485
Sat 20 Jan 24,7.446,25.024,32.47
Sun 21 Jan 24,3.318,10.251,13.569
Mon 22 Jan 24,1.557,4.742,6.3
Tue 23 Jan 24,1.898,4.426,6.324
Wed 24 Jan 24,2.051,8.921,10.971
Thu 25 Jan 24,2.186,6.793,8.979
Fri 26 Jan 24,1.826,16.956,18.782
Sat 27 Jan 24,4.935,24.969,29.904
Sun 28 Jan 24,5.886,10.287,16.173
Mon 29 Jan 24,1.765,5.964,7.729
Tue 30 Jan 24,1.933,4.051,5.984
Wed 31 Jan 24,1.331,8.196,9.527
Thu 1 Feb 24,2.661,10.982,13.643
Fri 2 Feb 24,2.925,16.502,19.427
Sat 3 Feb 24,7.409,18.889,26.298
Sun 4 Feb 24,5.033,10.794,15.827
Mon 5 Feb 24,3.984,9.922,13.907
Tue 6 Feb 24,2.647,8.852,11.499
Wed 7 Feb 24,2.593,13.185,15.777
Thu 8 Feb 24,2.135,13.471,15.606
Fri 9 Feb 24,2.563,17.962,20.525
Sat 10 Feb 24,5.619,23.784,29.404
Sun 11 Feb 24,5.574,14.78,20.354
Mon 12 Feb 24,2.218,10.489,12.706
Tue 13 Feb 24,3.623,12.311,15.934
Wed 14 Feb 24,3.797,26.061,29.858
Thu 15 Feb 24,3.043,12.614,15.657
Fri 16 Feb 24,5.166,18.276,23.442
Sat 17 Feb 24,6.12,25.206,31.325
Sun 18 Feb 24,4.614,11.815,16.429
Mon 19 Feb 24,2.073,10.067,12.14
Tue 20 Feb 24,2.166,8.849,11.015
Wed 21 Feb 24,3.494,11.192,14.686
Thu 22 Feb 24,3.94,7.948,11.888
Fri 23 Feb 24,4.407,19.198,23.606
Sat 24 Feb 24,6.625,23.109,29.734
Sun 25 Feb 24,5.409,11.881,17.29
Mon 26 Feb 24,1.885,6.751,8.636
Tue 27 Feb 24,3.026,9.409,12.434
Wed 28 Feb 24,1.938,8.853,10.791
Thu 29 Feb 24,2.661,10.729,13.39
Fri 1 Mar 24,3.254,19.41,22.664
Sat 2 Mar 24,7.913,23.685,31.597
Sun 3 Mar 24,3.93,11.024,14.954
Mon 4 Mar 24,2.764,11.204,13.968
Tue 5 Mar 24,3.221,8.951,12.173
Wed 6 Mar 24,4.083,12.199,16.283
Thu 7 Mar 24,4.495,12.42,16.914
Fri 8 Mar 24,5.053,22.498,27.55
Sat 9 Mar 24,5.793,25.018,30.811
Sun 10 Mar 24,4.442,11.103,15.544
Mon 11 Mar 24,1.948,8.307,10.256
Tue 12 Mar 24,2.431,9.641,12.072
Wed 13 Mar 24,2.302,7.869,10.179
Thu 14 Mar 24,3.194,15.206,18.401
Fri 15 Mar 24,3.423,18.287,21.71
Sat 16 Mar 24,7.106,23.27,30.375
Sun 17 Mar 24,6.524,11.66,18.184
Mon 18 Mar 24,3.066,8.625,11.691
Tue 19 Mar 24,2.321,9.156,11.476
Wed 20 Mar 24,3.19,12.634,15.824
Thu 21 Mar 24,2.967,15.575,18.542
Fri 22 Mar 24,4.085,21.763,25.859
Sat 23 Mar 24,7.228,21.768,28.997
Sun 24 Mar 24,5.605,14.674,20.278
Mon 25 Mar 24,3.847,16.869,20.716
Tue 26 Mar 24,4.222,12.604,16.827
Wed 27 Mar 24,2.636,14.877,17.514
Thu 28 Mar 24,7.064,16.625,23.688
Fri 29 Mar 24,7.833,27.091,34.924
Sat 30 Mar 24,9.675,27.756,37.432
Sun 31 Mar 24,7.651,22.278,29.929
Mon 1 Apr 24,8.928,17.793,26.721
Tue 2 Apr 24,2.18,13.407,15.587
Wed 3 Apr 24,3.416,12.372,15.788
Thu 4 Apr 24,4.737,16.912,21.649
Fri 5 Apr 24,4.309,22.449,26.81
Sat 6 Apr 24,6.664,27.641,34.315
Sun 7 Apr 24,7.526,16.997,24.523
Mon 8 Apr 24,4.512,13.003,17.515
Tue 9 Apr 24,4.189,13.849,18.038
Wed 10 Apr 24,4.191,18.229,22.437
Thu 11 Apr 24,4.754,18.643,23.398
Fri 12 Apr 24,6.235,25.484,31.719
Sat 13 Apr 24,8.482,30.103,38.585
Sun 14 Apr 24,9.989,16.337,26.326
Mon 15 Apr 24,3.352,13.033,16.385
Tue 16 Apr 24,7.479,17.542,25.039
Wed 17 Apr 24,4.269,19.643,23.913
Thu 18 Apr 24,5.134,21.152,26.285
Fri 19 Apr 24,5.369,26.704,32.072
Sat 20 Apr 24,8.422,27.93,36.352
Sun 21 Apr 24,9.537,20.006,29.543
Mon 22 Apr 24,3.805,17.184,22.021
Tue 23 Apr 24,4.128,16.439,20.625
Wed 24 Apr 24,4.633,17.022,21.654
Thu 25 Apr 24,3.964,18.87,22.833
Fri 26 Apr 24,5.937,23.214,29.151
Sat 27 Apr 24,8.751,24.77,33.522
Sun 28 Apr 24,7.958,21.093,29.051
Mon 29 Apr 24,6.205,19.774,25.978
Tue 30 Apr 24,4.159,20.33,24.489
Wed 1 May 24,5.776,17.303,23.079
Thu 2 May 24,5.427,18.985,24.412
Fri 3 May 24,7.05,24.334,31.384
Sat 4 May 24,10.376,23.059,33.435
Sun 5 May 24,5.038,16.482,21.52
Mon 6 May 24,4.753,16.715,21.468
Tue 7 May 24,3.024,14.822,17.846
Wed 8 May 24,5.508,14.545,20.053
Thu 9 May 24,7.159,19.237,26.395
Fri 10 May 24,9.13,24.254,33.384
Sat 11 May 24,6.295,22.23,28.525
Sun 12 May 24,7.486,17.065,24.551
Mon 13 May 24,4.813,13.693,18.506
Tue 14 May 24,4.298,17.769,22.067
Wed 15 May 24,3.431,15.527,18.958
Thu 16 May 24,3.133,16.888,20.022
Fri 17 May 24,5.71,20.643,26.353
Sat 18 May 24,6.345,24.75,31.095
Sun 19 May 24,8.937,24.936,33.873
Mon 20 May 24,7.949,15.467,23.415
Tue 21 May 24,3.344,11.148,14.491
Wed 22 May 24,6.883,18.435,25.317
Thu 23 May 24,4.555,21.718,26.273
Fri 24 May 24,6.64,22.113,28.753
Sat 25 May 24,9.487,24.862,34.349
Sun 26 May 24,7.881,19.148,27.029
Mon 27 May 24,4.883,19.714,24.597
Tue 28 May 24,3.673,19.758,23.431
Wed 29 May 24,4.206,23.037,27.243
Thu 30 May 24,4.561,18.912,23.473
Fri 31 May 24,5.904,20.494,26.398
Sat 1 Jun 24,6.312,22.348,28.66
Sun 2 Jun 24,4.92,13.601,18.521
Mon 3 Jun 24,3.132,12.346,15.478
Tue 4 Jun 24,3.194,17.023,20.218
Wed 5 Jun 24,3.303,16.691,19.993
Thu 6 Jun 24,4.955,16.701,21.655
Fri 7 Jun 24,3.885,20.358,24.242
Sat 8 Jun 24,6.919,22.74,29.659
Sun 9 Jun 24,5.6,14.22,19.82
Mon 10 Jun 24,2.851,12.598,15.449
Tue 11 Jun 24,4.498,14.587,19.085
Wed 12 Jun 24,3.372,17.966,21.338
Thu 13 Jun 24,5.489,15.324,20.813
Fri 14 Jun 24,4.085,19.096,23.181
Sat 15 Jun 24,8.25,22.319,30.568
Sun 16 Jun 24,6.952,17.645,24.598
Mon 17 Jun 24,4.649,17.138,21.787
Tue 18 Jun 24,3.182,14.758,17.94
Wed 19 Jun 24,5.478,20.81,26.288
Thu 20 Jun 24,5.057,16.815,21.872
Fri 21 Jun 24,5.394,17.72,23.114
Sat 22 Jun 24,7.694,22.204,29.898
Sun 23 Jun 24,6.93,22.912,29.842
Mon 24 Jun 24,4.519,17.787,22.306
Tue 25 Jun 24,4.403,14.741,19.145
Wed 26 Jun 24,3.983,15.277,19.26
Thu 27 Jun 24,5.157,16.629,21.786
Fri 28 Jun 24,5.272,17.493,22.765
Sat 29 Jun 24,7.481,22.077,29.558
Sun 30 Jun 24,5.762,13.004,18.766
Mon 1 Jul 24,3.695,13.255,16.95
Tue 2 Jul 24,3.578,13.229,16.807
Wed 3 Jul 24,3.308,18.567,21.876
Thu 4 Jul 24,3.216,17.419,20.635
Fri 5 Jul 24,4.892,20.659,25.551
Sat 6 Jul 24,6.643,18.595,25.239
Sun 7 Jul 24,7.251,22.133,29.384
Mon 8 Jul 24,6.194,22.662,28.856
Tue 9 Jul 24,5.298,23.078,28.376
Wed 10 Jul 24,4.624,17.483,22.107
Thu 11 Jul 24,3.828,15.36,19.188
Fri 12 Jul 24,3.054,18.038,21.093
Sat 13 Jul 24,7.507,20.542,28.049
Sun 14 Jul 24,7.254,14.452,21.706
Mon 15 Jul 24,3.335,19.135,22.47
Tue 16 Jul 24,7.886,18.216,26.103
Wed 17 Jul 24,4.541,18.295,22.837
Thu 18 Jul 24,4.622,19.408,24.03
Fri 19 Jul 24,5.051,20.403,25.454
Sat 20 Jul 24,6.076,20.842,26.918
Sun 21 Jul 24,5.861,17.208,23.075
Mon 22 Jul 24,5.63,18.399,24.029
Tue 23 Jul 24,5.123,16.05,21.174
Wed 24 Jul 24,5.894,16.065,21.959
Thu 25 Jul 24,4.647,14.751,19.398
Fri 26 Jul 24,4.338,20.481,24.819
Sat 27 Jul 24,7.465,21.95,29.415
Sun 28 Jul 24,4.375,16.51,20.885
Mon 29 Jul 24,5.01,17.023,22.032
Tue 30 Jul 24,4.106,16.608,20.714
Wed 31 Jul 24,3.503,16.686,20.189
Thu 1 Aug 24,6.106,13.5,19.606
Fri 2 Aug 24,4.021,21.729,25.75
Sat 3 Aug 24,5.321,21.211,26.533
Sun 4 Aug 24,6.933,18.619,25.621
Mon 5 Aug 24,5.732,19.323,25.054
Tue 6 Aug 24,5.663,15.008,20.688
Wed 7 Aug 24,5.455,15.038,20.493
Thu 8 Aug 24,4.934,19.718,24.651
Fri 9 Aug 24,5.359,19.782,25.141
Sat 10 Aug 24,6.355,20.617,26.972
Sun 11 Aug 24,5.168,14.531,19.699
Mon 12 Aug 24,4.824,15.412,20.235
Tue 13 Aug 24,4.734,15.528,20.44
Wed 14 Aug 24,3.624,16.743,20.366
Thu 15 Aug 24,4.484,19.11,23.595
Fri 16 Aug 24,6.508,21.282,27.789
Sat 17 Aug 24,8.565,24.249,32.814
Sun 18 Aug 24,6.005,15.429,21.434
Mon 19 Aug 24,4.616,16.381,20.998
Tue 20 Aug 24,4.04,11.419,15.459
Wed 21 Aug 24,3.36,12.741,16.102
Thu 22 Aug 24,3.831,17.805,21.635
Fri 23 Aug 24,5.579,21.197,26.776
Sat 24 Aug 24,8.291,21.948,30.239
Sun 25 Aug 24,5.716,16.155,21.872
Mon 26 Aug 24,4.136,16.052,20.187
Tue 27 Aug 24,4.285,16.829,21.114
Wed 28 Aug 24,3.827,14.625,18.452
Thu 29 Aug 24,4.209,17.413,21.621
Fri 30 Aug 24,4.517,20.805,25.322
Sat 31 Aug 24,6.163,22.388,28.551
Sun 1 Sept 24,5.718,13.047,18.765
Mon 2 Sept 24,3.141,14.767,17.908
Tue 3 Sept 24,3.503,7.363,10.866
Wed 4 Sept 24,2.383,11.938,14.321
Thu 5 Sept 24,3.549,17.673,21.222
Fri 6 Sept 24,2.431,18.297,20.728
Sat 7 Sept 24,6.345,22.379,28.725
Sun 8 Sept 24,5.611,16.502,22.113
Mon 9 Sept 24,3.671,10.105,13.775
Tue 10 Sept 24,3.393,8.031,11.425
Wed 11 Sept 24,2.516,11.501,14.017
Thu 12 Sept 24,2.665,17.618,20.283
Fri 13 Sept 24,2.995,24.534,27.529
Sat 14 Sept 24,5.585,28.741,34.326
Sun 15 Sept 24,6.373,18.343,24.716
Mon 16 Sept 24,3.465,16.075,19.54
Tue 17 Sept 24,3.591,14.305,17.896
Wed 18 Sept 24,4.584,11.404,15.988
Thu 19 Sept 24,3.507,18.474,21.981
Fri 20 Sept 24,4.235,22.275,26.51
Sat 21 Sept 24,6.784,25.551,32.335
Sun 22 Sept 24,6.159,12.127,18.286
Mon 23 Sept 24,5.285,15.197,20.482
Tue 24 Sept 24,4.507,14.753,19.26
Wed 25 Sept 24,3.613,18.547,22.159
Thu 26 Sept 24,5.381,25.384,30.765
Fri 27 Sept 24,6.384,23.095,29.479
Sat 28 Sept 24,7.905,26.325,34.23
Sun 29 Sept 24,5.901,15.186,21.087
Mon 30 Sept 24,4.207,11.906,16.113
Tue 1 Oct 24,3.726,13.626,17.351
Wed 2 Oct 24,3.067,11.486,14.553
Thu 3 Oct 24,3.486,19.434,22.92
Fri 4 Oct 24,6.524,24.076,30.6
Sat 5 Oct 24,8.813,26.087,34.9
Sun 6 Oct 24,5.814,13.083,18.897
Mon 7 Oct 24,4.458,11.089,15.547
Tue 8 Oct 24,2.354,14.001,16.355
Wed 9 Oct 24,2.535,13.069,15.604
Thu 10 Oct 24,4.343,18.133,22.476
Fri 11 Oct 24,4.677,21.29,25.967
Sat 12 Oct 24,6.604,24.675,31.279
Sun 13 Oct 24,6.043,15.895,21.938
Mon 14 Oct 24,5.161,10.396,15.557
Tue 15 Oct 24,2.142,13.775,15.917
Wed 16 Oct 24,4.005,15.507,19.513
Thu 17 Oct 24,3.629,20.195,23.825
Fri 18 Oct 24,7.118,17.966,25.084
Sat 19 Oct 24,8.849,22.572,31.421
Sun 20 Oct 24,6.142,19.346,25.488
Mon 21 Oct 24,3.9,17.925,21.825
Tue 22 Oct 24,3.706,15.333,19.039
Wed 23 Oct 24,4.755,15.637,20.392
Thu 24 Oct 24,3.574,18.587,22.161
Fri 25 Oct 24,5.043,22.699,27.742
Sat 26 Oct 24,6.589,25.133,31.722
Sun 27 Oct 24,7.674,17.655,25.328
Mon 28 Oct 24,5.546,13.784,19.33
Tue 29 Oct 24,2.909,14.975,17.885
Wed 30 Oct 24,3.852,11.387,15.239
Thu 31 Oct 24,4.47,17.825,22.307
Fri 1 Nov 24,6.299,25.436,31.735
Sat 2 Nov 24,8.495,27.481,35.976
Sun 3 Nov 24,7.143,15.399,22.542
Mon 4 Nov 24,3.379,10.153,13.532
Tue 5 Nov 24,3.96,10.929,14.889
Wed 6 Nov 24,2.231,11.777,14.008
Thu 7 Nov 24,3.824,13.536,17.36
Fri 8 Nov 24,3.458,23.7,27.158
Sat 9 Nov 24,7.209,26.028,33.237
Sun 10 Nov 24,7.252,17.933,25.185
Mon 11 Nov 24,2.778,9.084,11.862
Tue 12 Nov 24,2.846,9.237,12.083
Wed 13 Nov 24,2.344,10.287,12.631
Thu 14 Nov 24,2.758,11.624,14.382
Fri 15 Nov 24,7.179,21.401,28.58
Sat 16 Nov 24,8.599,21.267,29.866
Sun 17 Nov 24,4.429,14.204,18.633
Mon 18 Nov 24,2.858,12.663,15.521
Tue 19 Nov 24,1.93,14.843,16.773
Wed 20 Nov 24,2.585,12.873,15.458
Thu 21 Nov 24,3.18,16.719,19.9
Fri 22 Nov 24,3.218,22.254,25.472
Sat 23 Nov 24,6.971,24.881,31.852
Sun 24 Nov 24,6.941,13.164,20.105
Mon 25 Nov 24,2.613,6.658,9.27
Tue 26 Nov 24,1.967,8.297,10.264
Wed 27 Nov 24,2.755,9.248,12.003
Thu 28 Nov 24,2.896,13.303,16.199
Fri 29 Nov 24,3.792,20.142,23.933
Sat 30 Nov 24,6.604,25.999,32.604
Sun 1 Dec 24,6.195,12.563,18.758
Mon 2 Dec 24,3.368,6.299,9.667
Tue 3 Dec 24,1.957,8.296,10.252
Wed 4 Dec 24,1.971,7.996,9.966
Thu 5 Dec 24,2.32,10.009,12.33
Fri 6 Dec 24,2.607,19.792,22.399
Sat 7 Dec 24,6.097,22.558,28.655
Sun 8 Dec 24,4.318,12.983,17.3
Mon 9 Dec 24,1.948,6.619,8.567
Tue 10 Dec 24,2.591,7.567,10.158
Wed 11 Dec 24,1.603,8.188,9.792
Thu 12 Dec 24,7.458,14.791,22.249
Fri 13 Dec 24,2.63,21.903,24.532
Sat 14 Dec 24,4.114,21.37,25.484
Sun 15 Dec 24,5.469,9.942,15.41
Mon 16 Dec 24,1.721,10.061,11.782
Tue 17 Dec 24,5.998,6.942,12.973
Wed 18 Dec 24,2.571,10.812,13.383
Thu 19 Dec 24,2.405,10.609,13.014
Fri 20 Dec 24,2.996,15.014,18.01
Sat 21 Dec 24,4.742,18.683,23.425
Sun 22 Dec 24,5.212,15.462,20.674
Mon 23 Dec 24,5.28,11.003,16.283
Tue 24 Dec 24,3.32,18.45,21.769
Wed 25 Dec 24,8.597,21.538,30.135
Thu 26 Dec 24,5.102,22.839,27.941
Fri 27 Dec 24,5.318,19.786,25.105
Sat 28 Dec 24,7.498,25.335,32.833
Sun 29 Dec 24,6.66,21.201,27.861
Mon 30 Dec 24,6.607,18.719,25.326
Tue 31 Dec 24,7.921,28.886,36.807
Wed 1 Jan 25,4.471,16.579,21.05
Thu 2 Jan 25,7.27,18.981,26.252
Fri 3 Jan 25,6.005,19.337,25.342
Sat 4 Jan 25,4.268,17.798,22.066
Sun 5 Jan 25,3.56,8.372,11.936
Mon 6 Jan 25,1.805,3.889,5.695
Tue 7 Jan 25,1.701,7.157,8.858
Wed 8 Jan 25,1.804,7.213,9.017
Thu 9 Jan 25,2.067,5.689,7.756
Fri 10 Jan 25,3.144,13.499,16.643
Sat 11 Jan 25,5.758,18.582,24.34
Sun 12 Jan 25,3.087,8.769,11.856
Mon 13 Jan 25,2.009,6.513,8.522
Tue 14 Jan 25,1.195,5.917,7.112
Wed 15 Jan 25,3.105,3.644,6.748
Thu 16 Jan 25,2.338,9.155,11.493
Fri 17 Jan 25,2.258,15.508,17.766
Sat 18 Jan 25,4.656,22.63,27.286
Sun 19 Jan 25,5.09,10.799,15.889
Mon 20 Jan 25,4.324,10.851,15.175
Tue 21 Jan 25,1.252,6.533,7.785
Wed 22 Jan 25,1.268,4.066,5.334
Thu 23 Jan 25,2.883,13.117,16.0
Fri 24 Jan 25,2.128,19.205,21.333
Sat 25 Jan 25,5.718,20.561,26.279
Sun 26 Jan 25,5.348,7.668,13.016
Mon 27 Jan 25,1.693,8.895,10.588
Tue 28 Jan 25,1.503,6.539,8.042
Wed 29 Jan 25,2.866,9.265,12.131
Thu 30 Jan 25,4.026,12.681,16.707
Fri 31 Jan 25,3.474,17.097,20.571
Sat 1 Feb 25,7.665,22.579,30.244
Sun 2 Feb 25,5.285,9.634,14.919
Mon 3 Feb 25,2.223,5.496,7.719
Tue 4 Feb 25,2.037,5.54,7.577
Wed 5 Feb 25,2.281,6.766,9.047
Thu 6 Feb 25,2.136,14.195,16.331
Fri 7 Feb 25,3.858,14.716,18.573
Sat 8 Feb 25,4.025,20.156,24.181
Sun 9 Feb 25,5.044,16.152,21.196
Mon 10 Feb 25,3.621,10.986,14.607
Tue 11 Feb 25,2.083,11.115,13.199
Wed 12 Feb 25,7.615,10.647,18.262
Thu 13 Feb 25,1.816,12.793,14.609
Fri 14 Feb 25,4.681,29.82,34.501
Sat 15 Feb 25,4.871,23.906,28.777
Sun 16 Feb 25,5.95,11.264,17.213
Mon 17 Feb 25,3.091,7.27,10.362
Tue 18 Feb 25,2.072,8.966,11.038
Wed 19 Feb 25,2.906,7.67,10.576
Thu 20 Feb 25,2.232,10.386,12.618
Fri 21 Feb 25,3.661,19.425,23.085
Sat 22 Feb 25,4.315,20.229,24.544
Sun 23 Feb 25,3.857,8.927,12.784
Mon 24 Feb 25,1.612,4.612,6.223
Tue 25 Feb 25,1.805,7.92,9.725
Wed 26 Feb 25,2.843,7.834,10.677
Thu 27 Feb 25,4.013,7.39,11.404
Fri 28 Feb 25,4.573,16.377,20.95
Sat 1 Mar 25,5.372,22.37,27.742
Sun 2 Mar 25,5.986,16.304,22.29
Mon 3 Mar 25,2.378,7.293,9.671
Tue 4 Mar 25,3.08,6.872,9.952
Wed 5 Mar 25,2.191,6.639,8.83
Thu 6 Mar 25,2.505,10.928,13.433
Fri 7 Mar 25,3.684,18.234,21.918
Sat 8 Mar 25,5.597,23.001,28.598
Sun 9 Mar 25,4.63,12.962,17.592
Mon 10 Mar 25,1.67,12.693,14.363
Tue 11 Mar 25,2.574,10.387,12.961
Wed 12 Mar 25,1.709,11.303,13.012
Thu 13 Mar 25,2.819,12.564,15.383
Fri 14 Mar 25,3.41,19.497,22.906
Sat 15 Mar 25,5.582,23.713,29.295
Sun 16 Mar 25,6.515,12.775,19.29
Mon 17 Mar 25,3.714,10.274,13.988
Tue 18 Mar 25,2.154,9.702,11.856
Wed 19 Mar 25,3.716,17.877,21.593
Thu 20 Mar 25,3.414,17.634,21.048
Fri 21 Mar 25,5.013,21.785,26.798
Sat 22 Mar 25,7.406,26.407,33.814
Sun 23 Mar 25,4.931,14.7,19.631
Mon 24 Mar 25,2.758,13.544,16.302
Tue 25 Mar 25,2.674,11.39,14.065
Wed 26 Mar 25,1.461,11.269,12.73
Thu 27 Mar 25,2.686,13.289,15.974
Fri 28 Mar 25,5.996,21.928,27.924
Sat 29 Mar 25,5.999,24.199,30.198
Sun 30 Mar 25,7.224,17.201,24.425
Mon 31 Mar 25,6.187,16.763,22.95
Tue 1 Apr 25,3.837,15.206,19.043
Wed 2 Apr 25,3.846,17.453,21.298
Thu 3 Apr 25,3.397,18.444,21.84
Fri 4 Apr 25,5.334,23.634,28.968
Sat 5 Apr 25,6.925,26.84,33.765
Sun 6 Apr 25,4.987,16.837,21.825
Mon 7 Apr 25,4.414,18.076,22.49
Tue 8 Apr 25,2.67,19.587,22.257
Wed 9 Apr 25,3.415,19.182,22.597
Thu 10 Apr 25,3.167,17.826,20.993
Fri 11 Apr 25,5.633,25.753,31.385
Sat 12 Apr 25,8.245,29.404,37.649
Sun 13 Apr 25,5.656,21.165,26.821
Mon 14 Apr 25,2.645,20.386,23.03
Tue 15 Apr 25,5.093,18.579,23.672
Wed 16 Apr 25,5.099,16.52,21.619
Thu 17 Apr 25,5.597,23.084,28.681
Fri 18 Apr 25,8.505,28.183,36.688
Sat 19 Apr 25,9.353,30.481,39.834
Sun 20 Apr 25,11.887,28.646,40.878
Mon 21 Apr 25,8.834,20.262,29.712
Tue 22 Apr 25,4.403,17.661,22.065
Wed 23 Apr 25,5.681,17.07,22.752
Thu 24 Apr 25,5.752,20.855,27.754
Fri 25 Apr 25,7.197,25.374,32.571
Sat 26 Apr 25,4.721,17.918,22.638
Sun 27 Apr 25,6.333,18.397,24.73
Mon 28 Apr 25,4.936,16.218,21.154
Tue 29 Apr 25,5.072,14.744,19.816
Wed 30 Apr 25,4.71,20.312,25.022
Thu 1 May 25,6.292,24.921,31.213
Fri 2 May 25,7.561,28.246,35.807
Sat 3 May 25,8.022,28.128,36.15
Sun 4 May 25,10.263,19.051,29.313
Mon 5 May 25,3.754,14.412,18.166
Tue 6 May 25,2.493,13.524,16.017
Wed 7 May 25,3.97,14.45,18.42
Thu 8 May 25,5.883,23.258,29.142
Fri 9 May 25,5.051,23.687,28.738
Sat 10 May 25,7.069,27.233,34.302
Sun 11 May 25,8.271,19.166,27.437
Mon 12 May 25,5.343,16.896,22.239
Tue 13 May 25,2.326,16.798,19.123
Wed 14 May 25,3.331,14.583,17.915
Thu 15 May 25,4.818,15.012,19.83
Fri 16 May 25,6.714,22.765,29.479
Sat 17 May 25,2.775,38.113,40.888
Sun 18 May 25,4.914,32.203,37.118
Mon 19 May 25,5.409,22.088,27.497
Tue 20 May 25,4.36,22.37,26.731
Wed 21 May 25,4.555,15.166,19.721
Thu 22 May 25,7.185,17.628,24.813
Fri 23 May 25,5.03,23.14,28.17
Sat 24 May 25,7.742,23.954,31.696
Sun 25 May 25,6.645,15.53,22.175
Mon 26 May 25,4.244,15.725,19.969
Tue 27 May 25,2.564,12.603,15.167
Wed 28 May 25,3.749,14.579,18.327
Thu 29 May 25,10.002,22.72,32.722
Fri 30 May 25,8.993,25.139,34.132
Sat 31 May 25,7.393,22.614,30.007
Sun 1 Jun 25,5.752,16.129,21.881
Mon 2 Jun 25,4.446,16.339,20.784
Tue 3 Jun 25,3.566,19.518,23.083
Wed 4 Jun 25,3.397,15.201,18.598
Thu 5 Jun 25,3.345,16.642,19.988
Fri 6 Jun 25,5.644,18.763,24.407
Sat 7 Jun 25,6.643,21.729,28.372
Sun 8 Jun 25,6.698,18.573,25.271
Mon 9 Jun 25,6.666,17.544,24.209
Tue 10 Jun 25,3.075,14.159,17.234
Wed 11 Jun 25,2.054,14.789,16.843
Thu 12 Jun 25,4.044,18.505,22.549
Fri 13 Jun 25,4.406,21.924,26.33
Sat 14 Jun 25,5.958,22.161,28.119
Sun 15 Jun 25,6.524,15.076,21.6
Mon 16 Jun 25,4.542,15.069,19.611
Tue 17 Jun 25,3.627,17.564,21.19
Wed 18 Jun 25,3.724,17.393,21.117
Thu 19 Jun 25,5.142,18.637,23.779
Fri 20 Jun 25,5.144,22.619,27.763
Sat 21 Jun 25,6.694,24.628,31.322
Sun 22 Jun 25,6.972,18.717,25.689
Mon 23 Jun 25,4.851,12.565,17.415
Tue 24 Jun 25,5.608,13.573,19.181
Wed 25 Jun 25,3.927,16.023,19.95
Thu 26 Jun 25,3.807,14.721,18.529
Fri 27 Jun 25,5.87,22.148,28.018
Sat 28 Jun 25,7.001,23.375,30.376
Sun 29 Jun 25,7.161,17.499,24.66
Mon 30 Jun 25,4.421,16.005,20.426
