date,Lunch,Dinner,Total
01/01/2020,7.067,18.459,25.526
02/01/2020,8.848,18.964,27.816
03/01/2020,8.386,16.223,24.608
04/01/2020,9.238,18.178,27.416
05/01/2020,6.810,12.820,19.637
06/01/2020,3.133,11.660,14.794
07/01/2020,2.257,9.544,11.801
08/01/2020,2.773,8.039,10.895
09/01/2020,3.858,8.427,12.285
10/01/2020,3.902,14.198,18.105
11/01/2020,5.223,18.485,23.707
12/01/2020,6.511,12.144,18.655
13/01/2020,3.400,11.225,14.625
14/01/2020,2.556,9.882,12.438
15/01/2020,4.037,11.263,15.338
16/01/2020,2.33,13.319,15.649
17/01/2020,3.283,14.329,17.653
18/01/2020,8.12,18.662,26.782
19/01/2020,9.694,10.722,20.416
20/01/2020,3.528,10.118,13.686
21/01/2020,2.563,10.673,13.236
22/01/2020,3.549,10.522,14.171
23/01/2020,2.449,14.237,16.686
24/01/2020,4.956,15.559,20.606
25/01/2020,9.132,19.311,28.443
26/01/2020,7.695,15.232,22.927
27/01/2020,3.109,12.119,15.232
28/01/2020,5.35,10.394,15.744
29/01/2020,3.108,13.284,16.402
30/01/2020,4.207,14.301,18.552
31/01/2020,5.177,16.404,21.581
01/02/2020,7.384,19.301,26.748
02/02/2020,6.937,12.574,19.511
03/02/2020,4.032,10.801,14.842
04/02/2020,4.228,11.421,15.649
05/02/2020,3.436,10.354,13.790
06/02/2020,3.285,13.819,17.109
07/02/2020,5.038,15.244,20.281
08/02/2020,9.184,19.293,28.477
09/02/2020,5.789,9.442,15.263
10/02/2020,2.903,11.796,14.699
11/02/2020,2.953,13.955,16.908
12/02/2020,3.734,15.709,19.443
13/02/2020,2.862,16.654,19.516
14/02/2020,6.162,20.242,26.405
15/02/2020,10.836,21.101,31.937
16/02/2020,7.874,13.251,21.129
17/02/2020,3.896,12.526,16.422
18/02/2020,4.167,10.31,14.477
19/02/2020,3.197,12.407,15.616
20/02/2020,3.422,11.581,15.007
21/02/2020,6.75,16.673,23.459
22/02/2020,10.193,20.499,30.691
23/02/2020,7.629,15.874,23.503
24/02/2020,5.101,9.293,14.399
25/02/2020,4.275,11.568,15.845
26/02/2020,3.863,11.37,15.232
27/02/2020,4.492,11.203,15.732
28/02/2020,3.494,14.695,18.189
29/02/2020,6.926,17.876,24.802
01/03/2020,7.102,12.306,19.408
02/03/2020,1.728,10.099,11.829
03/03/2020,2.59,11.385,13.974
04/03/2020,3.244,7.456,10.699
05/03/2020,2.521,11.465,13.986
06/03/2020,4.883,14.945,19.859
07/03/2020,9.291,19.342,28.634
08/03/2020,6.975,14.498,21.473
09/03/2020,3.177,9.095,12.272
10/03/2020,2.914,6.94,9.854
11/03/2020,2.697,9.545,12.241
12/03/2020,3.019,8.145,11.164
13/03/2020,1.944,8.408,10.358
14/03/2020,5.254,7.729,12.983
15/03/2020,2.542,1.077,3.620
16/03/2020,0,0,0
17/03/2020,0,0,0
18/03/2020,0,0,0
19/03/2020,0,0,0
20/03/2020,0,0,0
21/03/2020,0,0,0
22/03/2020,0,0,0
23/03/2020,0,0,0
24/03/2020,0,0,0
25/03/2020,0,0,0
26/03/2020,0,0,0
27/03/2020,0,0,0
28/03/2020,0,0,0
29/03/2020,0,0,0
30/03/2020,0,0,0
31/03/2020,0,0,0
01/04/2020,0,0,0
02/04/2020,0,0,0
03/04/2020,0,0,0
04/04/2020,0,0,0
05/04/2020,0,0,0
06/04/2020,0,0,0
07/04/2020,0,0,0
08/04/2020,0,0,0
09/04/2020,0,0,0
10/04/2020,0,0,0
11/04/2020,0,0,0
12/04/2020,0,0,0
13/04/2020,0,0,0
14/04/2020,0,0,0
15/04/2020,0,0,0
16/04/2020,0,0,0
17/04/2020,0,0,0
18/04/2020,0,0,0
19/04/2020,0,0,0
20/04/2020,0,0,0
21/04/2020,0,0,0
22/04/2020,0,0,0
23/04/2020,0,0,0
24/04/2020,0,0,0
25/04/2020,0,328,328
26/04/2020,0,0,0
27/04/2020,0,0,0
28/04/2020,0,0,0
29/04/2020,0,0,0
30/04/2020,0,0,0
01/05/2020,0,0,0
02/05/2020,0,0,0
03/05/2020,0,0,0
04/05/2020,0,0,0
05/05/2020,0,0,0
06/05/2020,0,0,0
07/05/2020,0,0,0
08/05/2020,0,0,0
09/05/2020,0,0,0
10/05/2020,0,66,66
11/05/2020,0,0,0
12/05/2020,0,0,0
13/05/2020,17,0,17
14/05/2020,0,0,0
15/05/2020,0,0,0
16/05/2020,0,0,0
17/05/2020,0,0,0
18/05/2020,0,0,0
19/05/2020,0,0,0
20/05/2020,0,66,66
21/05/2020,0,0,0
22/05/2020,0,232,232
23/05/2020,0,0,0
24/05/2020,0,0,0
25/05/2020,0,0,0
26/05/2020,0,0,0
27/05/2020,0,0,0
28/05/2020,0,0,0
29/05/2020,0,72,72
30/05/2020,-45,0,-45
31/05/2020,0,0,0
01/06/2020,4.818,5.981,10.799
02/06/2020,961,4.566,5.646
03/06/2020,1.336,4.42,5.757
04/06/2020,1.522,4.251,5.781
05/06/2020,1.06,5.003,6.063
06/06/2020,2.983,4.772,7.755
07/06/2020,2.356,3.935,6.291
08/06/2020,1.455,3.341,4.796
09/06/2020,1.13,2.653,3.789
10/06/2020,2.133,4.398,6.531
11/06/2020,2.011,5.493,7.503
12/06/2020,2.353,6.532,8.885
13/06/2020,3.83,9.174,13.225
14/06/2020,2.758,3.916,6.674
15/06/2020,615,4.111,4.805
16/06/2020,1.497,3.558,5.092
17/06/2020,1.484,4.688,6.172
18/06/2020,1.434,4.188,5.622
19/06/2020,1.803,6.996,8.803
20/06/2020,4.151,6.883,11.108
21/06/2020,4.208,5.954,10.172
22/06/2020,854,5.169,6.023
23/06/2020,2.245,4.817,7.263
24/06/2020,2.776,5.504,8.280
25/06/2020,1.228,6.288,7.550
26/06/2020,4.117,8.32,12.637
27/06/2020,4.84,8.741,13.580
28/06/2020,5.26,6.761,12.021
29/06/2020,1.459,3.513,5.031
30/06/2020,1.642,4.153,5.882
01/07/2020,1.963,6.827,8.861
02/07/2020,2.247,6.394,8.878
03/07/2020,2.089,10.469,12.638
04/07/2020,5.683,11.738,17.450
05/07/2020,3.56,9.886,13.566
06/07/2020,2.339,4.994,7.333
07/07/2020,2.473,6.293,8.766
08/07/2020,1.648,4.292,5.941
09/07/2020,2.432,4.863,7.296
10/07/2020,3.293,10.56,13.969
11/07/2020,4.664,13.844,18.557
12/07/2020,4.912,9.216,14.259
13/07/2020,2.234,8.663,10.897
14/07/2020,3.37,6.908,10.278
15/07/2020,2.184,7.292,9.476
16/07/2020,2.786,7.679,10.476
17/07/2020,2.263,11.48,13.853
18/07/2020,4.056,14.364,18.420
19/07/2020,6.278,9.806,16.281
20/07/2020,2.086,9.93,12.016
21/07/2020,3.109,7.293,10.481
22/07/2020,1.838,8.88,10.718
23/07/2020,2.309,7.834,10.312
24/07/2020,2.28,10.49,12.770
25/07/2020,4.181,13.674,17.992
26/07/2020,4.31,8.743,13.170
27/07/2020,3.058,6.087,9.189
28/07/2020,1.86,10.097,11.957
29/07/2020,2.667,9.261,11.928
30/07/2020,2.152,9.433,11.585
31/07/2020,3.319,11.915,15.234
01/08/2020,4.295,13.653,17.947
02/08/2020,4.792,8.939,13.731
03/08/2020,1.74,6.655,8.394
04/08/2020,3.267,8.684,11.952
05/08/2020,2.082,8.422,10.608
06/08/2020,1.789,7.826,9.615
07/08/2020,2.174,10.287,12.504
08/08/2020,4.123,13.847,18.198
09/08/2020,3.604,9.202,12.806
10/08/2020,1.596,9.068,10.665
11/08/2020,2.027,10.357,12.644
12/08/2020,2.973,8.535,11.666
13/08/2020,2.898,8.127,11.025
14/08/2020,2.867,11.641,14.651
15/08/2020,4.04,14.331,18.371
16/08/2020,4.324,7.704,12.028
17/08/2020,2.314,5.765,8.080
18/08/2020,1.682,6.825,8.626
19/08/2020,2.257,6.303,8.872
20/08/2020,1.883,9.586,11.540
21/08/2020,2.756,9.231,11.987
22/08/2020,2.798,11.647,14.445
23/08/2020,2.56,7.63,10.251
24/08/2020,1.197,6.875,8.073
25/08/2020,1.734,5.917,7.654
26/08/2020,1.649,5.989,7.652
27/08/2020,2.229,6.884,9.119
28/08/2020,3.137,10.59,13.911
29/08/2020,4.008,12.257,16.329
30/08/2020,3.453,5.912,9.369
31/08/2020,1.956,5.618,7.574
01/09/2020,2.805,5.419,8.247
02/09/2020,1.887,4.257,6.261
03/09/2020,1.388,6.438,7.826
04/09/2020,2.198,10.768,13.146
05/09/2020,3.807,11.431,15.238
06/09/2020,2.968,7.835,10.804
07/09/2020,1.525,5.305,6.837
08/09/2020,1.643,5.94,7.626
09/09/2020,1.307,5.31,6.678
10/09/2020,1.459,6.201,7.771
11/09/2020,2.75,9.538,12.413
12/09/2020,4.131,12.026,16.156
13/09/2020,3.153,6.873,10.208
14/09/2020,2.045,6.281,8.326
15/09/2020,2.241,6.551,8.845
16/09/2020,1.778,4.068,5.871
17/09/2020,1.956,5.475,7.457
18/09/2020,2.193,8.205,10.439
19/09/2020,3.796,11.184,14.980
20/09/2020,1.907,5.969,7.876
21/09/2020,1.204,3.966,5.171
22/09/2020,1.638,6.352,8.049
23/09/2020,1.172,3.584,4.775
24/09/2020,1.74,5.3,7.081
25/09/2020,1.154,8.04,9.258
26/09/2020,3.803,12.294,16.130
27/09/2020,3.141,5.121,8.262
28/09/2020,1.201,2.553,3.754
29/09/2020,1.679,2.377,4.056
30/09/2020,399,3.863,4.343
01/10/2020,941,2.383,3.324
02/10/2020,914,5.566,6.646
03/10/2020,1.717,7.456,9.173
04/10/2020,2.385,4.2,6.585
05/10/2020,1.755,2.388,4.143
06/10/2020,1.148,2.346,3.494
07/10/2020,1.167,2.391,3.557
08/10/2020,568,4.033,4.601
09/10/2020,1.203,5.256,6.473
10/10/2020,3.07,6.265,9.360
11/10/2020,2.99,5.446,8.435
12/10/2020,1.267,3.242,4.509
13/10/2020,1.72,5.007,6.727
14/10/2020,1.707,6.234,7.996
15/10/2020,0,0,0
16/10/2020,0,0,0
17/10/2020,0,0,0
18/10/2020,0,52,52
19/10/2020,0,0,0
20/10/2020,0,0,0
21/10/2020,0,0,0
22/10/2020,0,0,0
23/10/2020,0,0,0
24/10/2020,0,0,0
25/10/2020,0,0,0
26/10/2020,0,0,0
27/10/2020,0,0,0
28/10/2020,0,0,0
29/10/2020,0,0,0
30/10/2020,0,0,0
31/10/2020,0,0,0
01/11/2020,0,0,0
02/11/2020,0,0,0
03/11/2020,0,0,0
04/11/2020,0,0,0
05/11/2020,0,0,0
06/11/2020,0,0,0
07/11/2020,0,0,0
08/11/2020,0,123,123
09/11/2020,0,0,0
10/11/2020,0,0,0
11/11/2020,0,0,0
12/11/2020,0,0,0
13/11/2020,0,0,0
14/11/2020,0,0,0
15/11/2020,0,0,0
16/11/2020,0,0,0
17/11/2020,0,0,0
18/11/2020,0,0,0
19/11/2020,0,0,0
20/11/2020,0,0,0
21/11/2020,0,0,0
22/11/2020,0,0,0
23/11/2020,0,0,0
24/11/2020,0,0,0
25/11/2020,0,0,0
26/11/2020,0,0,0
27/11/2020,0,0,0
28/11/2020,0,0,0
29/11/2020,0,0,0
30/11/2020,0,0,0
01/12/2020,0,0,0
02/12/2020,0,0,0
03/12/2020,0,0,0
04/12/2020,0,0,0
05/12/2020,0,0,0
06/12/2020,0,0,0
07/12/2020,0,0,0
08/12/2020,0,0,0
09/12/2020,0,0,0
10/12/2020,0,0,0
11/12/2020,0,0,0
12/12/2020,0,0,0
13/12/2020,0,0,0
14/12/2020,0,0,0
15/12/2020,0,0,0
16/12/2020,0,0,0
17/12/2020,0,0,0
18/12/2020,0,0,0
19/12/2020,0,0,0
20/12/2020,0,0,0
21/12/2020,0,0,0
22/12/2020,0,0,0
23/12/2020,0,0,0
24/12/2020,0,0,0
25/12/2020,0,0,0
26/12/2020,0,0,0
27/12/2020,0,0,0
28/12/2020,0,0,0
29/12/2020,0,0,0
30/12/2020,0,0,0
31/12/2020,0,0,0
01/01/2021,0,0,0
02/01/2021,0,0,0
03/01/2021,0,0,0
04/01/2021,0,0,0
05/01/2021,0,0,0
06/01/2021,0,0,0
07/01/2021,0,0,0
08/01/2021,0,0,0
09/01/2021,0,0,0
10/01/2021,0,0,0
11/01/2021,0,0,0
12/01/2021,0,0,0
13/01/2021,0,0,0
14/01/2021,0,0,0
15/01/2021,0,0,0
16/01/2021,0,0,0
17/01/2021,0,0,0
18/01/2021,0,0,0
19/01/2021,0,0,0
20/01/2021,0,0,0
21/01/2021,0,0,0
22/01/2021,0,0,0
23/01/2021,0,0,0
24/01/2021,0,0,0
25/01/2021,0,0,0
26/01/2021,0,0,0
27/01/2021,0,0,0
28/01/2021,0,0,0
29/01/2021,0,0,0
30/01/2021,0,0,0
31/01/2021,0,0,0
01/02/2021,0,0,0
02/02/2021,0,0,0
03/02/2021,0,0,0
04/02/2021,0,0,0
05/02/2021,0,0,0
06/02/2021,0,0,0
07/02/2021,0,0,0
08/02/2021,0,0,0
09/02/2021,0,0,0
10/02/2021,0,0,0
11/02/2021,0,0,0
12/02/2021,0,0,0
13/02/2021,0,0,0
14/02/2021,0,0,0
15/02/2021,0,0,0
16/02/2021,0,0,0
17/02/2021,0,0,0
18/02/2021,0,0,0
19/02/2021,0,0,0
20/02/2021,0,0,0
21/02/2021,0,0,0
22/02/2021,0,0,0
23/02/2021,0,0,0
24/02/2021,0,0,0
25/02/2021,0,0,0
26/02/2021,0,0,0
27/02/2021,0,0,0
28/02/2021,0,0,0
01/03/2021,0,0,0
02/03/2021,0,0,0
03/03/2021,0,0,0
04/03/2021,10,0,10
05/03/2021,0,0,0
06/03/2021,0,0,0
07/03/2021,0,0,0
08/03/2021,0,0,0
09/03/2021,0,0,0
10/03/2021,0,0,0
11/03/2021,0,0,120
12/03/2021,0,0,0
13/03/2021,0,0,0
14/03/2021,0,0,0
15/03/2021,0,0,0
16/03/2021,0,0,0
17/03/2021,0,0,0
18/03/2021,0,0,0
19/03/2021,0,0,0
20/03/2021,0,0,0
21/03/2021,0,0,0
22/03/2021,0,0,0
23/03/2021,0,0,0
24/03/2021,0,0,0
25/03/2021,0,0,0
26/03/2021,0,0,0
27/03/2021,0,0,0
28/03/2021,0,0,0
29/03/2021,0,0,0
30/03/2021,0,0,0
31/03/2021,0,0,0
01/04/2021,0,0,0
02/04/2021,0,0,0
03/04/2021,0,0,0
04/04/2021,0,0,0
05/04/2021,0,0,0
06/04/2021,0,0,0
07/04/2021,0,0,0
08/04/2021,0,0,0
09/04/2021,0,0,0
10/04/2021,0,0,0
11/04/2021,0,0,0
12/04/2021,0,0,0
13/04/2021,0,0,0
14/04/2021,0,0,0
15/04/2021,0,0,0
16/04/2021,0,0,0
17/04/2021,0,0,0
18/04/2021,0,0,0
19/04/2021,0,0,0
20/04/2021,0,0,0
21/04/2021,0,0,0
22/04/2021,0,0,0
23/04/2021,0,0,0
24/04/2021,0,0,0
25/04/2021,0,0,0
26/04/2021,0,0,0
27/04/2021,0,0,0
28/04/2021,1.121,555,1.676
29/04/2021,179,0,179
30/04/2021,0,0,0
01/05/2021,2.927,1.114,4.048
02/05/2021,2.671,649,3.319
03/05/2021,2.345,713,3.058
04/05/2021,838,83,921
05/05/2021,574,242,815
06/05/2021,1.999,587,2.587
07/05/2021,2.336,1.545,3.881
08/05/2021,2.14,293,2.433
09/05/2021,3.524,1.381,5.057
10/05/2021,680,555,1.235
11/05/2021,1.580,611,2.190
12/05/2021,1.587,216,1.803
13/05/2021,3.863,1.297,5.164
14/05/2021,3.376,1.16,4.538
15/05/2021,3.218,878,4.096
16/05/2021,3.792,635,4.427
17/05/2021,666,614,1.280
18/05/2021,745,899,1.643
19/05/2021,818,663,1.481
20/05/2021,2.259,1.888,4.147
21/05/2021,1.187,2.616,3.804
22/05/2021,1.822,2.226,4.048
23/05/2021,2.876,3.016,5.972
24/05/2021,2.78,2.115,4.896
25/05/2021,1.34,1.542,2.882
26/05/2021,1.499,1.155,2.654
27/05/2021,1.09,2.267,3.357
28/05/2021,1.894,2.79,4.684
29/05/2021,4.119,3.837,8.013
30/05/2021,3.789,3.93,7.720
31/05/2021,2.495,2.92,5.430
01/06/2021,2.422,2.888,5.310
02/06/2021,2.001,2.582,4.583
03/06/2021,2.046,3.142,5.188
04/06/2021,1.953,3.087,5.040
05/06/2021,4.759,7.347,12.106
06/06/2021,4.046,6.444,10.490
07/06/2021,3.136,4.502,7.638
08/06/2021,1.547,4.888,6.435
09/06/2021,1.214,4.559,5.773
10/06/2021,1.409,6.688,8.097
11/06/2021,2.34,6.724,9.064
12/06/2021,4.435,8.173,12.656
13/06/2021,5.07,7.31,12.381
14/06/2021,1.577,4.405,5.982
15/06/2021,2.473,4.937,7.410
16/06/2021,2.254,5.471,7.758
17/06/2021,3.018,5.167,8.272
18/06/2021,1.748,5.826,7.574
19/06/2021,4.876,8.552,13.429
20/06/2021,4.503,7.627,12.130
21/06/2021,1.832,3.247,5.078
22/06/2021,2.071,4.838,6.908
23/06/2021,2.245,5.503,7.748
24/06/2021,2.194,7.273,9.468
25/06/2021,3.356,8.381,11.737
26/06/2021,6.038,12.173,18.211
27/06/2021,5.682,6.728,12.41
28/06/2021,2.337,7.876,10.213
29/06/2021,2.251,6.849,9.099
30/06/2021,1.564,4.977,6.554
01/07/2021,1.753,6.829,8.582
02/07/2021,2.538,10.149,12.687
03/07/2021,6.731,12.849,19.580
04/07/2021,4.537,7.742,12.279
05/07/2021,3.046,8.401,11.447
06/07/2021,2.109,8.109,10.218
07/07/2021,2.897,6.905,9.802
08/07/2021,2.641,8.196,10.837
09/07/2021,3.78,11.929,15.709
10/07/2021,5.282,11.954,17.236
11/07/2021,3.921,7.658,11.580
12/07/2021,2.148,7.555,9.702
13/07/2021,2.786,8.322,11.107
14/07/2021,1.925,7.151,9.076
15/07/2021,1.976,7.681,9.659
16/07/2021,3.187,10.485,13.738
17/07/2021,6.403,13.368,19.772
18/07/2021,3.983,9.787,13.770
19/07/2021,3.88,7.868,11.749
20/07/2021,2.482,8.472,10.954
21/07/2021,2.744,9.285,12.028
22/07/2021,2.887,9.013,11.900
23/07/2021,2.413,11.4,13.812
24/07/2021,3.691,9.792,13.483
25/07/2021,4.641,9.621,14.262
26/07/2021,3.136,7.827,10.970
27/07/2021,2.764,7.501,10.265
28/07/2021,2.217,9.671,11.887
29/07/2021,3.3,9.076,12.389
30/07/2021,3.316,9.363,12.679
31/07/2021,4.395,12.09,16.485
01/08/2021,4.16,9.98,14.141
02/08/2021,2.754,8.78,11.534
03/08/2021,3.253,8.898,12.151
04/08/2021,3.704,8.923,12.628
05/08/2021,3.715,9.988,13.703
06/08/2021,4.253,9.534,13.802
07/08/2021,5.452,8.683,14.134
08/08/2021,4.624,8.351,12.975
09/08/2021,3.571,8.823,12.395
10/08/2021,2.247,8.699,10.946
11/08/2021,3.665,9.308,12.973
12/08/2021,3.617,9.783,13.400
13/08/2021,2.942,11.98,14.922
14/08/2021,6.043,13.176,19.218
15/08/2021,5.712,10.984,16.696
16/08/2021,2.779,9.746,12.525
17/08/2021,2.593,7.553,10.146
18/08/2021,2.987,9.001,12.000
19/08/2021,3.593,7.678,11.271
20/08/2021,4.062,9.407,13.469
21/08/2021,6.004,11.966,18.036
22/08/2021,4.891,10.287,15.178
23/08/2021,4.177,9.275,13.452
24/08/2021,2.338,6.899,9.237
25/08/2021,3.756,8.848,12.603
26/08/2021,3.466,8.961,12.427
27/08/2021,3.753,10.801,14.554
28/08/2021,6.223,11.334,17.557
29/08/2021,4.953,7.678,12.631
30/08/2021,3.584,8.367,11.951
31/08/2021,2.961,7.056,10.017
01/09/2021,2.04,9.755,11.795
02/09/2021,2.539,8.357,10.896
03/09/2021,4.038,11.84,15.878
04/09/2021,6.334,14.351,20.685
05/09/2021,6.744,9.87,16.614
06/09/2021,2.782,7.572,10.354
07/09/2021,3.932,8.968,12.900
08/09/2021,2.387,8.362,10.750
09/09/2021,3.502,7.276,10.777
10/09/2021,4.589,9.012,13.601
11/09/2021,5.693,9.348,15.049
12/09/2021,4.421,8.636,13.057
13/09/2021,2.188,8.097,10.286
14/09/2021,3.331,7.157,10.488
15/09/2021,2.491,6.652,9.143
16/09/2021,2.536,8.249,10.828
17/09/2021,2.87,11.608,14.479
18/09/2021,7.230,11.950,19.180
19/09/2021,6.968,7.652,14.643
20/09/2021,4.057,9.769,13.827
21/09/2021,2.791,10.923,13.714
22/09/2021,2.527,10.326,12.854
23/09/2021,2.049,8.364,10.413
24/09/2021,3.994,12.764,16.757
25/09/2021,7.934,13.700,21.634
26/09/2021,7.456,9.825,17.281
27/09/2021,4.444,8.362,12.806
28/09/2021,3.842,9.893,13.735
29/09/2021,3.386,8.546,11.933
30/09/2021,2.06,5.947,8.008
01/10/2021,742,0,742
02/10/2021,5.719,12.066,17.785
03/10/2021,5.363,9.827,15.190
04/10/2021,2.477,8.02,10.497
05/10/2021,2.666,6.431,9.097
06/10/2021,2.373,8.372,10.745
07/10/2021,3.611,8.679,12.291
08/10/2021,3.926,11.494,15.419
09/10/2021,6.368,12.704,19.073
10/10/2021,5.083,9.728,14.810
11/10/2021,3.202,8.052,11.254
12/10/2021,2.62,7.626,10.246
13/10/2021,3.424,7.528,10.952
14/10/2021,4.832,9.628,14.460
15/10/2021,5.958,10.594,16.552
16/10/2021,7.599,12.528,20.128
17/10/2021,6.153,9.365,15.518
18/10/2021,4.444,9.098,13.542
19/10/2021,3.008,9.661,12.669
20/10/2021,2.068,8.48,10.548
21/10/2021,2.879,8.105,10.984
22/10/2021,4.364,11.498,15.863
23/10/2021,5.434,12.701,18.135
24/10/2021,7.028,10.609,17.637
25/10/2021,3.385,9.532,12.917
26/10/2021,3.899,7.595,11.493
27/10/2021,3.337,8.724,12.061
28/10/2021,3.128,9.239,12.367
29/10/2021,5.461,12.128,17.589
30/10/2021,7.78,12.816,20.596
31/10/2021,5.976,9.348,15.324
01/11/2021,4.68,9.484,14.164
02/11/2021,4.136,6.93,11.066
03/11/2021,3.621,9.544,13.165
04/11/2021,4.427,11.051,15.478
05/11/2021,6.069,10.819,16.888
06/11/2021,5.9,12.185,18.085
07/11/2021,4.567,8.622,13.188
08/11/2021,3.729,7.878,11.606
09/11/2021,2.685,9.073,11.758
10/11/2021,2.18,8.055,10.235
11/11/2021,4.351,10.967,15.343
12/11/2021,5.907,12.635,18.543
13/11/2021,7.137,7.376,14.513
14/11/2021,7.176,5.352,12.528
15/11/2021,4.416,6.811,11.227
16/11/2021,2.486,5.503,7.989
17/11/2021,2.775,5.711,8.486
18/11/2021,2.7,6.641,9.345
19/11/2021,3.143,7.731,10.874
20/11/2021,5.275,9.67,14.945
21/11/2021,5.468,6.122,11.590
22/11/2021,3.629,4.837,8.467
23/11/2021,1.895,5.984,7.879
24/11/2021,2.147,5.105,7.251
25/11/2021,2.894,5.094,7.988
26/11/2021,3.889,5.829,9.718
27/11/2021,5.287,7.964,13.25
28/11/2021,7.624,487,8.111
29/11/2021,5.288,42,5.330
30/11/2021,3.265,77,3.517
01/12/2021,4.722,546,5.268
02/12/2021,2.47,189,2.659
03/12/2021,3.631,434,4.208
04/12/2021,7.23,597,8.009
05/12/2021,6.02,690,6.877
06/12/2021,2.432,142,2.649
07/12/2021,4.576,294,5.094
08/12/2021,3.232,148,3.380
09/12/2021,3.016,142,3.158
10/12/2021,3.741,276,4.032
11/12/2021,8.867,663,9.684
12/12/2021,6.545,592,7.457
13/12/2021,2.928,207,3.406
14/12/2021,2.913,355,3.375
15/12/2021,2.515,221,2.850
16/12/2021,4.367,296,4.850
17/12/2021,4.908,350,5.345
18/12/2021,9.17,745,10.362
19/12/2021,0,0,0
20/12/2021,0,0,0
21/12/2021,0,0,0
22/12/2021,0,0,0
23/12/2021,0,0,0
24/12/2021,0,0,0
25/12/2021,0,0,0
26/12/2021,0,0,0
27/12/2021,0,0,0
28/12/2021,0,0,39
29/12/2021,0,0,0
30/12/2021,0,0,0
31/12/2021,0,0,0
01/01/2022,0,0,0
02/01/2022,0,0,0
03/01/2022,-25,0,-25
04/01/2022,0,0,0
05/01/2022,0,0,0
06/01/2022,0,0,0
07/01/2022,0,0,0
08/01/2022,0,0,0
09/01/2022,0,0,0
10/01/2022,0,0,0
11/01/2022,0,0,0
12/01/2022,0,0,0
13/01/2022,0,0,0
14/01/2022,0,0,0
15/01/2022,0,0,0
16/01/2022,0,0,0
17/01/2022,0,0,0
18/01/2022,0,0,0
19/01/2022,0,0,0
20/01/2022,0,0,0
21/01/2022,0,0,0
22/01/2022,0,0,0
23/01/2022,0,0,0
24/01/2022,0,0,0
25/01/2022,0,0,0
26/01/2022,1.559,7.528,9.087
27/01/2022,1.444,6.274,7.718
28/01/2022,3.146,9.591,12.737
29/01/2022,6.629,9.657,16.286
30/01/2022,5.804,7.278,13.081
31/01/2022,786,3.187,3.973
01/02/2022,2.062,5.824,7.885
02/02/2022,1.487,4.936,6.424
03/02/2022,1.427,6.222,7.650
04/02/2022,2.765,7.699,10.464
05/02/2022,5.832,9.711,15.543
06/02/2022,2.535,4.961,7.496
07/02/2022,2.064,4.113,6.177
08/02/2022,2.035,6.084,8.118
09/02/2022,1.563,3.81,5.373
10/02/2022,1.313,5.271,6.584
11/02/2022,2.801,9.795,12.596
12/02/2022,8.354,12.243,20.597
13/02/2022,5.675,8.279,13.954
14/02/2022,3.823,11.078,14.900
15/02/2022,2.366,6.349,8.715
16/02/2022,1.968,4.92,6.888
17/02/2022,2.412,7.587,9.999
18/02/2022,1.633,4.541,6.292
19/02/2022,7.066,11.106,18.172
20/02/2022,3.632,6.258,9.959
21/02/2022,1.952,4.324,6.276
22/02/2022,1.168,6.476,7.644
23/02/2022,3.538,7.268,10.806
24/02/2022,2.278,7.051,9.329
25/02/2022,2.94,10.47,13.410
26/02/2022,7.787,12.576,20.368
27/02/2022,7.032,8.295,15.327
28/02/2022,3.47,8.489,11.959
01/03/2022,2.601,9.49,12.092
02/03/2022,1.967,8.045,10.013
03/03/2022,2.171,9.001,11.172
04/03/2022,3.743,10.432,14.175
05/03/2022,8.034,13.147,21.181
06/03/2022,6.197,10.472,16.669
07/03/2022,2.694,6.281,8.974
08/03/2022,2.836,9.396,12.231
09/03/2022,0,0,0
10/03/2022,2.169,9.666,11.835
11/03/2022,4.010,10.170,14.180
12/03/2022,7.321,12.679,20.001
13/03/2022,5.718,8.924,14.642
14/03/2022,3.316,7.858,11.174
15/03/2022,2.934,8.368,11.301
16/03/2022,2.06,8.207,10.267
17/03/2022,2.537,9.299,11.845
18/03/2022,3.316,12.278,15.723
19/03/2022,6.746,12.604,19.350
20/03/2022,6.705,9.153,15.858
21/03/2022,3.552,9.907,13.459
22/03/2022,4.191,9.546,13.738
23/03/2022,2.987,10.716,13.703
24/03/2022,3.627,10.577,14.204
25/03/2022,4.93,14.147,19.077
26/03/2022,9.42,15.94,25.359
27/03/2022,6.176,12.106,18.282
28/03/2022,3.027,12.52,15.546
29/03/2022,3.872,12.382,16.254
30/03/2022,4.55,11.392,15.942
31/03/2022,2.755,10.66,13.414
01/04/2022,6.115,11.248,17.363
02/04/2022,8.887,15.762,24.649
03/04/2022,6.706,12.135,18.841
04/04/2022,3.231,11.524,14.755
05/04/2022,3.224,11.38,14.604
06/04/2022,3.418,11.996,15.415
07/04/2022,3.9,11.943,15.843
08/04/2022,5.738,11.44,17.177
09/04/2022,9.213,14.934,24.147
10/04/2022,7.962,12.71,20.684
11/04/2022,5.649,13.211,18.859
12/04/2022,4.986,14.513,19.499
13/04/2022,5.44,13.978,19.419
14/04/2022,5.54,13.529,19.069
15/04/2022,8.809,14.892,23.700
16/04/2022,9.979,15.337,25.315
17/04/2022,10.695,13.912,24.611
18/04/2022,10.881,13.446,24.326
19/04/2022,7.858,13.516,21.374
20/04/2022,3.971,14.16,18.130
21/04/2022,5.495,12.935,18.430
22/04/2022,5.645,16.01,21.655
23/04/2022,10.331,14.313,24.644
24/04/2022,7.229,12.675,19.904
25/04/2022,7.026,12.442,19.468
26/04/2022,6.096,10.64,16.736
27/04/2022,5.759,10.34,16.099
28/04/2022,4.116,10.645,14.761
29/04/2022,6.861,12.081,18.942
30/04/2022,9.597,15.237,24.834
01/05/2022,8.6,13.602,22.201
02/05/2022,5.078,12.289,17.367
03/05/2022,7.125,11.751,18.877
04/05/2022,6.955,12.613,19.568
05/05/2022,5.127,14.596,19.722
06/05/2022,4.144,15.18,19.323
07/05/2022,8.769,16.469,25.238
08/05/2022,6.969,10.797,17.765
09/05/2022,4.104,13.847,17.951
10/05/2022,3.446,13.294,16.739
11/05/2022,4.34,9.464,13.804
12/05/2022,3.778,12.396,16.174
13/05/2022,6.891,13.426,20.317
14/05/2022,9.433,13.649,23.083
15/05/2022,8.96,10.303,19.263
16/05/2022,5.887,12.899,18.787
17/05/2022,3.738,13.622,17.359
18/05/2022,5.295,10.519,15.814
19/05/2022,4.022,12.429,16.451
20/05/2022,4.711,11.494,16.205
21/05/2022,9.258,15.53,24.787
22/05/2022,9.215,13.858,23.074
23/05/2022,4.626,11.491,16.117
24/05/2022,3.756,10.429,14.185
25/05/2022,4.094,9.895,13.989
26/05/2022,7.679,12.99,20.669
27/05/2022,8.042,15.374,23.416
28/05/2022,9.805,15.623,25.428
29/05/2022,7.273,12.271,19.545
30/05/2022,5.354,12.692,18.046
31/05/2022,5.611,12.901,18.511
01/06/2022,4.322,11.897,16.219
02/06/2022,6.503,13.397,19.900
03/06/2022,5.873,15.464,21.337
04/06/2022,9.580,15.425,25.005
05/06/2022,9.439,14.170,23.609
06/06/2022,8.103,14.927,23.030
07/06/2022,4.339,13.277,17.616
08/06/2022,4.88,12.063,16.944
09/06/2022,3.56,11.777,15.337
10/06/2022,5.37,13.238,18.608
11/06/2022,7.291,16.477,23.768
12/06/2022,8.789,12.557,21.346
13/06/2022,5.969,14.776,20.745
14/06/2022,6.783,13.146,19.930
15/06/2022,4.793,15.319,20.112
16/06/2022,4.865,13.512,18.377
17/06/2022,6.139,14.41,20.549
18/06/2022,8.111,16.243,24.354
19/06/2022,8.197,12.013,20.210
20/06/2022,4.811,13.214,18.024
21/06/2022,4.209,13.965,18.174
22/06/2022,4.488,14.316,18.804
23/06/2022,5.774,13.332,19.107
24/06/2022,4.106,13.321,17.427
25/06/2022,7.407,14.339,21.746
26/06/2022,7.766,15.609,23.375
27/06/2022,5.484,11.968,17.451
28/06/2022,6.049,14.61,20.660
29/06/2022,6.617,13.063,19.680
30/06/2022,6.031,10.988,17.019
01/07/2022,5.203,16.207,21.437
02/07/2022,8.838,17.171,26.009
03/07/2022,8.764,15.801,24.565
04/07/2022,5.052,15.09,20.143
05/07/2022,5.785,14.552,20.337
06/07/2022,5.663,12.762,18.424
07/07/2022,5.467,12.783,18.250
08/07/2022,4.353,16.449,20.802
09/07/2022,7.334,16.796,24.130
10/07/2022,7.342,12.595,19.937
11/07/2022,6.349,15.61,21.960
12/07/2022,6.705,12.7,19.405
13/07/2022,5.409,13.294,18.703
14/07/2022,5.903,12.679,18.582
15/07/2022,5.27,15.769,21.038
16/07/2022,8.144,17.492,25.636
17/07/2022,9.182,16.832,26.014
18/07/2022,6.144,13.197,19.340
19/07/2022,6.01,14.199,20.209
20/07/2022,4.564,14.194,18.757
21/07/2022,4.39,13.158,17.548
22/07/2022,5.923,16.426,22.349
23/07/2022,7.915,16.848,24.763
24/07/2022,7.599,15.376,22.976
25/07/2022,5.476,17.558,23.034
26/07/2022,4.623,14.629,19.253
27/07/2022,6.473,15.268,21.747
28/07/2022,5.129,14.044,19.173
29/07/2022,6.165,16.11,22.275
30/07/2022,7.621,19.047,26.668
31/07/2022,5.902,14.262,20.164
01/08/2022,7.51,16.696,24.205
02/08/2022,5.834,14.622,20.457
03/08/2022,5.72,13.901,19.621
04/08/2022,6.639,14.102,20.742
05/08/2022,6.953,15.147,22.100
06/08/2022,7.625,16.731,24.356
07/08/2022,7.721,15.704,23.425
08/08/2022,6.47,12.779,19.249
09/08/2022,6.651,13.906,20.557
10/08/2022,5.213,15.931,21.144
11/08/2022,4.856,17.408,22.297
12/08/2022,7.242,17.667,24.908
13/08/2022,7.042,13.713,20.755
14/08/2022,7.595,12.613,20.208
15/08/2022,6.452,11.805,18.257
16/08/2022,8.002,17.346,25.356
17/08/2022,4.744,13.584,18.330
18/08/2022,5.314,18.126,23.440
19/08/2022,7.635,18.574,26.209
20/08/2022,8.408,16.177,24.626
21/08/2022,6.125,15.562,21.687
22/08/2022,5.735,15.459,21.195
23/08/2022,5.038,14.338,19.377
24/08/2022,6.295,13.049,19.344
25/08/2022,4.878,13.3,18.178
26/08/2022,5.887,15.489,21.377
27/08/2022,8.331,13.423,21.754
28/08/2022,9.6,13.22,22.820
29/08/2022,4.735,13.485,18.219
30/08/2022,4.469,13.367,17.864
31/08/2022,3.605,12.737,16.343
01/09/2022,3.795,16.741,20.584
02/09/2022,7.478,15.791,23.339
03/09/2022,7.948,16.118,24.066
04/09/2022,7.73,16.986,24.716
05/09/2022,5.148,15.838,20.986
06/09/2022,5.185,15.991,21.229
07/09/2022,5.487,15.924,21.411
08/09/2022,5.762,14.336,20.105
09/09/2022,4.461,16.288,20.749
10/09/2022,7.758,16.832,24.591
11/09/2022,9.302,17.076,26.377
12/09/2022,5.257,18.021,23.278
13/09/2022,4.572,13.381,17.953
14/09/2022,4.602,13.043,17.649
15/09/2022,4.367,13.716,18.083
16/09/2022,3.875,15.978,19.853
17/09/2022,8.021,15.794,23.815
18/09/2022,8.532,13.907,22.439
19/09/2022,4.5,13.138,17.638
20/09/2022,3.497,12.166,15.663
21/09/2022,2.793,13.347,16.140
22/09/2022,4.785,13.569,18.419
23/09/2022,4.854,15.22,20.075
24/09/2022,7.091,16.608,23.699
25/09/2022,9.828,16.387,26.216
26/09/2022,2.859,12.679,15.537
27/09/2022,4.301,12.69,16.991
28/09/2022,3.691,13.308,16.999
29/09/2022,4.268,13.106,17.379
30/09/2022,6.319,14.891,21.209
01/10/2022,7.414,14.86,22.316
02/10/2022,10.355,17.744,28.098
03/10/2022,7.565,14.937,22.502
04/10/2022,4.586,12.546,17.132
05/10/2022,3.323,12.371,15.694
06/10/2022,4.114,13.999,18.114
07/10/2022,5.437,16.527,21.965
08/10/2022,8.503,18.518,27.020
09/10/2022,7.723,16.201,23.924
10/10/2022,4.28,14.258,18.538
11/10/2022,5.294,11.72,17.022
12/10/2022,3.956,12.961,16.918
13/10/2022,3.559,14.572,18.130
14/10/2022,4.799,15.621,20.420
15/10/2022,9.384,17.519,26.903
16/10/2022,9.425,15.584,25.008
17/10/2022,3.883,14.625,18.508
18/10/2022,5.085,15.935,21.019
19/10/2022,4.455,16.176,20.631
20/10/2022,6.086,14.865,20.951
21/10/2022,7.445,18.358,25.804
22/10/2022,9.828,16.858,26.686
23/10/2022,10.062,13.301,23.362
24/10/2022,7.709,14.493,22.202
25/10/2022,5.065,15.26,20.326
26/10/2022,5.696,14.695,20.391
27/10/2022,6.163,14.178,20.344
28/10/2022,6.624,17.538,26.143
29/10/2022,9.86,17.841,27.701
30/10/2022,11.635,17.66,29.295
31/10/2022,8.088,15.949,24.037
01/11/2022,7.292,14.462,21.755
02/11/2022,4.775,13.091,17.866
03/11/2022,4.022,13.036,17.058
04/11/2022,5.736,14.846,20.581
05/11/2022,10.669,17.593,28.262
06/11/2022,8.755,11.318,20.073
07/11/2022,4.48,9.808,14.288
08/11/2022,2.572,12.063,14.635
09/11/2022,2.427,12.351,14.778
10/11/2022,3.478,12.76,16.238
11/11/2022,7.087,18.274,25.361
12/11/2022,10.749,19.817,30.566
13/11/2022,10.719,16.472,27.191
14/11/2022,4.388,13.793,18.188
15/11/2022,6.147,13.588,19.735
16/11/2022,4.259,15.273,19.533
17/11/2022,3.437,13.326,16.763
18/11/2022,6.092,17.885,23.977
19/11/2022,10.262,17.723,27.985
20/11/2022,8.594,13.937,22.530
21/11/2022,4.122,12.753,16.875
22/11/2022,4.323,11.63,15.953
23/11/2022,3.098,12.344,15.442
24/11/2022,3.837,14.481,18.318
25/11/2022,6.697,16.55,23.247
26/11/2022,8.042,19.588,27.631
27/11/2022,8.964,12.06,21.025
28/11/2022,3.24,12.184,15.424
29/11/2022,3.625,8.984,12.609
30/11/2022,4.017,11.342,15.359
01/12/2022,4.106,13.636,17.742
02/12/2022,6.712,16.98,23.692
03/12/2022,9.321,15.785,25.107
04/12/2022,8.948,12.966,21.914
05/12/2022,4.415,10.788,15.203
06/12/2022,3.789,10.502,14.323
07/12/2022,2.774,10.904,13.678
08/12/2022,4.298,13.577,17.875
09/12/2022,6.934,12.033,18.967
10/12/2022,9.82,16.274,26.094
11/12/2022,6.661,13.979,20.640
12/12/2022,5.679,10.822,16.501
13/12/2022,2.295,8.014,10.310
14/12/2022,3.845,11.315,15.159
15/12/2022,2.883,16.826,19.709
16/12/2022,4.86,15.275,20.135
17/12/2022,7.299,19.037,26.336
18/12/2022,6.373,8.729,15.102
19/12/2022,4.226,13.458,17.684
20/12/2022,4.838,10.498,15.336
21/12/2022,3.397,12.802,16.199
22/12/2022,4.751,12.194,16.945
23/12/2022,3.609,15.601,19.210
24/12/2022,6.328,1.991,8.319
25/12/2022,10.347,15.437,25.784
26/12/2022,9.592,16.572,26.218
27/12/2022,8.654,14.947,23.602
28/12/2022,8.713,18.317,27.050
29/12/2022,9.291,16.533,25.824
30/12/2022,9.385,18.759,28.144
31/12/2022,9.211,15.255,24.466
01/01/2023,8.78,17.537,26.317
02/01/2023,5.765,13.399,19.164
03/01/2023,7.489,14.075,21.564
04/01/2023,5.691,12.907,18.598
05/01/2023,4.865,15.135,20.000
06/01/2023,5.041,16.794,21.835
07/01/2023,8.073,15.746,23.819
08/01/2023,5.085,8.879,13.964
09/01/2023,3.555,9.601,13.156
10/01/2023,1.983,9.700,11.682
11/01/2023,3.074,11.267,14.341
12/01/2023,2.115,9.118,11.233
13/01/2023,3.755,15.255,19.011
14/01/2023,5.01,18.369,23.379
15/01/2023,5.628,9.335,14.963
16/01/2023,2.413,7.357,9.770
17/01/2023,2.238,8.994,11.231
18/01/2023,2.039,9.123,11.162
19/01/2023,3.54,9.604,13.144
20/01/2023,4.104,13.517,17.621
21/01/2023,8.116,18.239,26.356
22/01/2023,7.504,11.124,18.628
23/01/2023,3.074,9.608,12.682
24/01/2023,2.037,8.821,10.858
25/01/2023,3.009,10.575,13.584
26/01/2023,3.431,13.56,16.991
27/01/2023,6.524,16.63,23.154
28/01/2023,10.28,21.206,31.513
29/01/2023,5.15,11.566,16.715
30/01/2023,3.752,8.491,12.244
31/01/2023,2.111,9.756,11.867
01/02/2023,2.918,12.453,15.371
02/02/2023,3.509,10.101,13.610
03/02/2023,4.958,17.76,22.718
04/02/2023,6.509,17.13,23.639
05/02/2023,8.337,11.903,20.240
06/02/2023,3.363,12.113,15.476
07/02/2023,3.207,9.528,12.735
08/02/2023,2.308,8.704,11.012
09/02/2023,3.817,14.626,18.443
10/02/2023,4.809,18.618,23.427
11/02/2023,8.602,20.692,29.294
12/02/2023,6.354,9.655,16.009
13/02/2023,3.36,11.584,14.944
14/02/2023,5.178,17.967,23.145
15/02/2023,3.047,10.643,13.690
16/02/2023,4.172,12.622,16.794
17/02/2023,5.58,18.654,24.235
18/02/2023,7.001,20.454,27.455
19/02/2023,7.45,12.098,19.548
20/02/2023,4.554,11.753,16.307
21/02/2023,5.168,11.253,16.421
22/02/2023,4.607,11.661,16.267
23/02/2023,2.987,15.808,18.795
24/02/2023,5.504,18.234,23.738
25/02/2023,10.691,21.722,32.412
26/02/2023,7.197,12.749,19.946
27/02/2023,3.932,11.636,15.568
28/02/2023,2.789,12.052,14.841
01/03/2023,4.966,10.268,15.234
02/03/2023,5.14,12.609,17.749
03/03/2023,7.096,18.253,25.349
04/03/2023,10.362,18.551,28.919
05/03/2023,9.091,12.461,21.552
06/03/2023,3.265,9.291,12.556
07/03/2023,2.905,10.144,13.050
08/03/2023,4.041,9.688,13.728
09/03/2023,3.320,13.930,17.250
10/03/2023,4.435,17.258,21.693
11/03/2023,8.685,22.731,31.416
12/03/2023,8.913,14.777,23.691
13/03/2023,0,0,0
14/03/2023,0,9.251,9.251
15/03/2023,4.347,13.599,17.947
16/03/2023,4.671,14.769,19.448
17/03/2023,6.486,19.057,25.544
18/03/2023,11.321,20.311,31.633
19/03/2023,8.516,15.132,23.648
20/03/2023,5.439,12.684,18.124
21/03/2023,4.008,13.854,17.862
22/03/2023,4.339,14.400,18.739
23/03/2023,4.436,15.715,20.150
24/03/2023,5.418,20.509,25.928
25/03/2023,12.556,20.497,33.053
26/03/2023,8.921,14.417,25.869
27/03/2023,8.277,14.578,22.855
28/03/2023,3.967,14.311,18.278
29/03/2023,5.154,14.401,19.555
30/03/2023,5.297,16.151,21.448
31/03/2023,7.179,20.824,28.003
01/04/2023,10.854,21.235,32.089
02/04/2023,9.816,15.789,25.605
03/04/2023,4.1,15.85,19.949
04/04/2023,5.237,15.654,20.891
05/04/2023,6.017,15.176,21.194
06/04/2023,8.692,17.606,26.298
07/04/2023,12.318,20.412,32.730
08/04/2023,10.338,22.667,33.005
09/04/2023,11.347,20.203,31.551
10/04/2023,10.945,13.868,25.421
11/04/2023,6.309,13.571,19.880
12/04/2023,5.412,13.996,19.408
13/04/2023,6.400,18.247,24.647
14/04/2023,6.828,18.635,25.463
15/04/2023,8.236,21.921,30.157
16/04/2023,8.912,15.751,24.663
17/04/2023,6.410,15.806,22.216
18/04/2023,4.532,14.304,18.836
19/04/2023,4.175,15.278,19.452
20/04/2023,4.440,16.705,21.145
21/04/2023,8.267,20.759,29.026
22/04/2023,8.945,20.578,29.524
23/04/2023,0,0,0
24/04/2023,6.898,19.812,26.710
25/04/2023,5.721,15.986,21.706
26/04/2023,8.849,14.969,23.818
27/04/2023,8.938,15.165,24.103
28/04/2023,8.505,17.698,26.202
29/04/2023,10.244,23.021,33.266
30/04/2023,10.954,17.928,28.882
01/05/2023,9.392,16.652,26.043
02/05/2023,6.516,14.27,20.786
03/05/2023,6.916,15.347,22.263
04/05/2023,5.557,17.871,23.428
05/05/2023,8.997,18.675,27.672
06/05/2023,14.218,20.624,34.842
07/05/2023,8.417,16.154,24.571
08/05/2023,9.187,15.966,25.153
09/05/2023,5.621,12.549,18.916
10/05/2023,5.203,12.516,17.719
11/05/2023,5.590,17.096,22.686
12/05/2023,5.146,21.032,26.177
13/05/2023,10.417,23.64,34.058
14/05/2023,8.287,15.411,23.697
15/05/2023,5.508,14.214,19.722
16/05/2023,4.737,11.453,16.190
17/05/2023,4.744,17.296,22.040
18/05/2023,11.031,19.915,30.946
19/05/2023,11.862,20.951,32.813
20/05/2023,8.522,21.822,30.344
21/05/2023,8.830,18.340,27.170
22/05/2023,5.295,17.226,22.521
23/05/2023,4.451,14.472,18.923
24/05/2023,5.718,16.864,22.582
25/05/2023,5.072,16.135,21.207
26/05/2023,5.364,20.404,25.768
27/05/2023,10.075,20.369,30.443
28/05/2023,10.435,20.036,30.471
29/05/2023,10.282,19.055,29.337
30/05/2023,5.302,12.988,18.290
31/05/2023,3.171,12.673,15.844
01/06/2023,4.717,15.186,19.902
02/06/2023,7.164,18.763,25.927
03/06/2023,8.391,23.357,31.748
04/06/2023,9.714,18.247,27.961
05/06/2023,6.227,15.797,22.025
06/06/2023,5.077,16.236,21.313
07/06/2023,4.235,14.538,18.773
08/06/2023,5.009,17.818,22.826
09/06/2023,7.195,20.641,27.835
10/06/2023,8.564,20.886,29.449
11/06/2023,7.959,16.693,24.652
12/06/2023,5.858,13.704,19.562
13/06/2023,5.009,10.887,15.896
14/06/2023,4.907,14.609,19.516
15/06/2023,7.469,18.294,25.763
16/06/2023,8.885,22.616,31.500
17/06/2023,8.332,19.241,27.573
18/06/2023,10.514,17.611,28.125
19/06/2023,6.671,15.050,21.720
20/06/2023,4.413,10.951,15.364
21/06/2023,4.185,14.644,18.828
22/06/2023,4.84,14.573,19.412
23/06/2023,8.332,18.551,26.883
24/06/2023,7.991,22.485,30.476
25/06/2023,9.704,16.092,25.796
26/06/2023,4.749,14.008,18.757
27/06/2023,5.448,14.173,19.621
28/06/2023,4.314,14.975,19.289
29/06/2023,4.388,15.104,19.492
30/06/2023,7.593,21.504,29.097
01/07/2023,8.475,18.602,27.077
02/07/2023,6.117,14.163,20.279
03/07/2023,5.866,15.74,21.606
04/07/2023,4.553,14.934,19.487
05/07/2023,0,12.835,12.835
06/07/2023,5.177,17.118,22.295
07/07/2023,6.778,16.487,23.265
08/07/2023,5.959,12.706,18.664
09/07/2023,7.674,15.564,23.238
10/07/2023,4.957,17.738,22.695
11/07/2023,5.786,17.957,23.743
12/07/2023,4.964,16.378,21.420
13/07/2023,4.353,19.674,24.027
14/07/2023,8.038,21.309,29.347
15/07/2023,9.726,21.540,31.267
16/07/2023,9.345,18.840,28.185
17/07/2023,6.848,16.115,22.963
18/07/2023,7.567,14.433,22.000
19/07/2023,7.910,16.980,24.890
20/07/2023,6.471,14.922,21.393
21/07/2023,6.205,20.097,26.302
22/07/2023,6.632,20.368,27.000
23/07/2023,7.754,18.730,26.484
24/07/2023,4.644,15.417,20.061
25/07/2023,5.122,17.346,22.468
26/07/2023,5.003,17.711,22.714
27/07/2023,5.826,16.950,22.776
28/07/2023,7.372,20.234,27.606
29/07/2023,8.264,21.816,30.080
30/07/2023,5.340,17.286,22.627
31/07/2023,5.688,16.358,22.046
01/08/2023,6.184,15.815,22.000
02/08/2023,6.171,16.917,23.088
03/08/2023,5.072,19.770,24.842
04/08/2023,4.292,18.879,23.171
05/08/2023,5.897,18.534,24.431
06/08/2023,5.806,16.786,22.592
07/08/2023,7.679,16.168,23.847
08/08/2023,5.437,17.615,23.052
09/08/2023,5.953,14.821,20.774
10/08/2023,5.807,20.632,26.440
11/08/2023,6.642,18.326,24.967
12/08/2023,6.504,21.530,28.035
13/08/2023,8.751,17.970,26.817
14/08/2023,6.308,14.452,20.760
15/08/2023,5.173,16.638,21.812
16/08/2023,5.939,18.472,24.411
17/08/2023,4.198,15.967,20.166
18/08/2023,6.007,19.036,25.043
19/08/2023,6.164,15.348,21.513
20/08/2023,5.942,12.451,18.393
21/08/2023,5.723,13.166,18.889
22/08/2023,5.868,16.780,22.648
23/08/2023,5.982,17.321,23.303
24/08/2023,5.427,18.507,23.934
25/08/2023,7.133,21.792,28.997
26/08/2023,6.299,24.508,30.806
27/08/2023,7.270,21.060,28.330
28/08/2023,6.599,16.413,23.012
29/08/2023,6.595,14.664,21.259
30/08/2023,3.941,16.193,20.135
31/08/2023,3.719,15.492,19.211
01/09/2023,5.064,16.524,21.588
02/09/2023,5.287,20.279,25.566
03/09/2023,7.215,16.448,23.663
04/09/2023,4.031,14.974,19.005
05/09/2023,2.885,14.502,17.387
06/09/2023,2.390,12.949,15.384
07/09/2023,5.884,15.291,21.174
08/09/2023,5.687,21.496,27.183
09/09/2023,10.08,23.318,33.398
10/09/2023,8.870,18.532,27.560
11/09/2023,5.046,14.777,19.823
12/09/2023,4.107,14.766,18.874
13/09/2023,3.208,16.224,19.534
14/09/2023,4.716,17.707,22.423
15/09/2023,5.821,25.825,31.682
16/09/2023,7.510,27.868,35.378
17/09/2023,7.275,21.174,28.449
18/09/2023,4.940,14.417,19.358
19/09/2023,4.973,13.057,18.030
20/09/2023,5.283,14.963,20.246
21/09/2023,3.614,17.516,21.130
22/09/2023,5.629,20.251,25.880
23/09/2023,10.636,25.529,36.165
24/09/2023,8.725,19.667,28.393
25/09/2023,5.451,16.534,21.985
26/09/2023,4.971,16.652,21.622
27/09/2023,3.826,14.487,18.313
28/09/2023,4.588,16.283,20.871
29/09/2023,4.897,21.437,26.333
30/09/2023,10.312,26.654,36.966
01/10/2023,11.492,20.017,31.509
02/10/2023,7.292,18.914,26.205
03/10/2023,3.488,14.923,18.411
04/10/2023,4.931,18.618,23.549
05/10/2023,4.558,19.636,24.194
06/10/2023,5.42,21.526,26.947
07/10/2023,10.007,22.385,32.391
08/10/2023,9.475,17.984,27.459
09/10/2023,5.592,16.518,22.110
10/10/2023,4.227,15.779,20.005
11/10/2023,5.089,17.341,22.430
12/10/2023,4.462,18.172,22.635
13/10/2023,6.586,21.510,28.097
14/10/2023,9.313,27.801,37.114
15/10/2023,5.682,17.404,23.086
16/10/2023,3.466,15.302,18.768
17/10/2023,4.229,19.460,23.688
18/10/2023,4.463,15.927,20.390
19/10/2023,4.665,22.078,26.743
20/10/2023,6.438,27.490,33.928
21/10/2023,11.057,20.505,31.562
22/10/2023,10.802,19.351,30.153
23/10/2023,5.252,15.212,20.464
24/10/2023,3.472,17.233,20.705
25/10/2023,5.095,18.305,23.400
26/10/2023,4.238,16.266,20.504
27/10/2023,5.230,22.228,27.458
28/10/2023,7.665,23.413,31.078
29/10/2023,11.504,18.240,29.744
30/10/2023,4.694,13.360,18.054
31/10/2023,3.832,12.456,16.288
01/11/2023,7.797,15.094,22.891
02/11/2023,4.240,15.262,19.502
03/11/2023,5.200,17.210,22.410
04/11/2023,8.014,24.610,32.623
05/11/2023,9.477,15.380,24.858
06/11/2023,4.493,15.168,19.661
07/11/2023,3.121,13.289,16.410
08/11/2023,3.678,15.041,18.768
09/11/2023,4.805,15.267,20.072
10/11/2023,4.648,19.414,24.062
11/11/2023,9.208,24.030,33.263
12/11/2023,10.29,16.126,26.417
13/11/2023,4.778,13.510,18.292
14/11/2023,2.910,15.056,17.966
15/11/2023,3.169,18.208,21.377
16/11/2023,3.482,21.465,24.947
17/11/2023,5.007,23.450,28.457
18/11/2023,8.637,24.039,32.676
19/11/2023,10.089,19.478,29.567
20/11/2023,4.315,13.472,17.788
21/11/2023,3.492,10.196,13.688
22/11/2023,3.181,12.644,15.825
23/11/2023,4.511,16.874,21.385
24/11/2023,6.704,18.752,25.455
25/11/2023,6.861,27.699,34.560
26/11/2023,6.718,15.760,22.478
27/11/2023,3.515,7.656,11.191
28/11/2023,3.907,12.126,16.033
29/11/2023,3.597,11.313,14.911
30/11/2023,3.005,18.453,21.458
01/12/2023,5.623,20.788,26.410
02/12/2023,11.012,24.606,35.618
03/12/2023,8.693,12.058,20.751
04/12/2023,3.938,8.034,11.973
05/12/2023,3.445,8.515,11.960
06/12/2023,3.557,11.856,15.413
07/12/2023,4.534,12.431,16.976
08/12/2023,4.913,17.842,22.755
09/12/2023,6.630,23.272,29.902
10/12/2023,7.478,12.638,20.116
11/12/2023,3.290,8.580,11.870
12/12/2023,3.418,9.039,12.456
13/12/2023,1.998,9.138,11.136
14/12/2023,5.214,12.014,17.228
15/12/2023,3.762,21.601,25.364
16/12/2023,5.985,23.559,29.544
17/12/2023,5.465,13.852,19.317
18/12/2023,4.708,8.889,13.597
19/12/2023,3.062,8.332,11.394
20/12/2023,3.443,9.769,13.212
21/12/2023,2.82,10.887,13.707
22/12/2023,3.443,19.391,22.835
23/12/2023,5.036,17.49,22.526
24/12/2023,5.780,1.922,7.702
25/12/2023,9.875,21.355,31.231
26/12/2023,9.453,21.330,30.783
27/12/2023,7.212,18.018,25.230
28/12/2023,8.519,20.194,28.713
29/12/2023,8.949,25.318,34.267
30/12/2023,8.081,24.655,32.736
31/12/2023,9.119,27.194,36.313
01/01/2024,7.008,20.277,27.285
02/01/2024,6.172,14.260,20.432
03/01/2024,5.117,15.959,21.076
04/01/2024,5.920,15.859,21.779
05/01/2024,3.304,17.275,20.579
06/01/2024,5.185,21.398,26.583
07/01/2024,3.150,9.823,12.973
08/01/2024,2.044,5.722,7.766
09/01/2024,1.292,8.853,10.146
10/01/2024,2.095,8.062,10.157
11/01/2024,1.943,8.488,10.431
12/01/2024,1.651,15.127,16.778
13/01/2024,3.155,16.279,19.434
14/01/2024,4.140,7.933,12.073
15/01/2024,3.193,5.709,8.902
16/01/2024,3.131,5.467,8.597
17/01/2024,1.704,5.727,7.430
18/01/2024,1.907,10.981,12.889
19/01/2024,2.775,15.71,18.485
20/01/2024,7.446,25.024,32.470
21/01/2024,3.318,10.251,13.569
22/01/2024,1.557,4.742,6.300
23/01/2024,1.898,4.426,6.324
24/01/2024,2.051,8.921,10.971
25/01/2024,2.186,6.793,8.979
26/01/2024,1.826,16.956,18.782
27/01/2024,4.935,24.969,29.904
28/01/2024,5.886,10.287,16.173
29/01/2024,1.765,5.964,7.729
30/01/2024,1.933,4.051,5.984
31/01/2024,1.331,8.196,9.527
01/02/2024,2.661,10.982,13.643
02/02/2024,2.925,16.502,19.427
03/02/2024,7.409,18.889,26.298
04/02/2024,5.033,10.794,15.827
05/02/2024,3.984,9.922,13.907
06/02/2024,2.647,8.852,11.499
07/02/2024,2.593,13.185,15.777
08/02/2024,2.135,13.471,15.606
09/02/2024,2.563,17.962,20.525
10/02/2024,5.619,23.784,29.404
11/02/2024,5.574,14.780,20.354
12/02/2024,2.218,10.489,12.706
13/02/2024,3.623,12.311,15.934
14/02/2024,3.797,26.061,29.858
15/02/2024,3.043,12.614,15.657
16/02/2024,5.166,18.276,23.442
17/02/2024,6.120,25.206,31.325
18/02/2024,4.614,11.815,16.429
19/02/2024,2.073,10.067,12.140
20/02/2024,2.166,8.849,11.015
21/02/2024,3.494,11.192,14.686
22/02/2024,3.940,7.948,11.888
23/02/2024,4.407,19.198,23.606
24/02/2024,6.625,23.109,29.734
25/02/2024,5.409,11.881,17.29
26/02/2024,1.885,6.751,8.636
27/02/2024,3.026,9.409,12.434
28/02/2024,1.938,8.853,10.791
29/02/2024,2.661,10.729,13.390
01/03/2024,3.254,19.410,22.664
02/03/2024,7.913,23.685,31.597
03/03/2024,3.93,11.024,14.954
04/03/2024,2.764,11.204,13.968
05/03/2024,3.221,8.951,12.173
06/03/2024,4.083,12.199,16.283
07/03/2024,4.495,12.42,16.914
08/03/2024,5.053,22.498,27.550
09/03/2024,5.793,25.018,30.811
10/03/2024,4.442,11.103,15.544
11/03/2024,1.948,8.307,10.256
12/03/2024,2.431,9.641,12.072
13/03/2024,2.302,7.869,10.179
14/03/2024,3.194,15.206,18.401
15/03/2024,3.423,18.287,21.710
16/03/2024,7.106,23.270,30.375
17/03/2024,6.524,11.660,18.184
18/03/2024,3.066,8.625,11.691
19/03/2024,2.321,9.156,11.476
20/03/2024,3.19,12.634,15.824
21/03/2024,2.967,15.575,18.542
22/03/2024,4.085,21.763,25.859
23/03/2024,7.228,21.768,28.997
24/03/2024,5.605,14.674,20.278
25/03/2024,3.847,16.869,20.716
26/03/2024,4.222,12.604,16.827
27/03/2024,2.636,14.877,17.514
28/03/2024,7.064,16.625,23.688
29/03/2024,7.833,27.091,34.924
30/03/2024,9.675,27.756,37.432
31/03/2024,7.651,22.278,29.929
01/04/2024,8.928,17.793,26.721
02/04/2024,2.18,13.407,15.587
03/04/2024,3.416,12.372,15.788
04/04/2024,4.737,16.912,21.649
05/04/2024,4.309,22.449,26.810
06/04/2024,6.664,27.641,34.315
07/04/2024,7.526,16.997,24.523
08/04/2024,4.512,13.003,17.515
09/04/2024,4.189,13.849,18.038
10/04/2024,4.191,18.229,22.437
11/04/2024,4.754,18.643,23.398
12/04/2024,6.235,25.484,31.719
13/04/2024,8.482,30.103,38.585
14/04/2024,9.989,16.337,26.326
15/04/2024,3.352,13.033,16.385
16/04/2024,7.479,17.542,25.039
17/04/2024,4.269,19.643,23.913
18/04/2024,5.134,21.152,26.285
19/04/2024,5.369,26.704,32.072
20/04/2024,8.422,27.930,36.352
21/04/2024,9.537,20.006,29.543
22/04/2024,3.805,17.184,22.021
23/04/2024,4.128,16.439,20.625
24/04/2024,4.633,17.022,21.654
25/04/2024,3.964,18.870,22.833
26/04/2024,5.937,23.214,29.151
27/04/2024,8.751,24.770,33.522
28/04/2024,7.958,21.093,29.051
29/04/2024,6.205,19.774,25.978
30/04/2024,4.159,20.330,24.489
01/05/2024,5.776,17.303,23.079
02/05/2024,5.427,18.985,24.412
03/05/2024,7.050,24.334,31.384
04/05/2024,10.376,23.059,33.435
05/05/2024,5.038,16.482,21.520
06/05/2024,4.753,16.715,21.468
07/05/2024,3.024,14.822,17.846
08/05/2024,5.508,14.545,20.053
09/05/2024,7.159,19.237,26.395
10/05/2024,9.130,24.254,33.384
11/05/2024,6.295,22.230,28.525
12/05/2024,7.486,17.065,24.551
13/05/2024,4.813,13.693,18.506
14/05/2024,4.298,17.769,22.067
15/05/2024,3.431,15.527,18.958
16/05/2024,3.133,16.888,20.022
17/05/2024,5.710,20.643,26.353
18/05/2024,6.345,24.750,31.095
19/05/2024,8.937,24.936,33.873
20/05/2024,7.949,15.467,23.415
21/05/2024,3.344,11.148,14.491
22/05/2024,6.883,18.435,25.317
23/05/2024,4.555,21.718,26.273
24/05/2024,6.640,22.113,28.753
25/05/2024,9.487,24.862,34.349
26/05/2024,7.881,19.148,27.029
27/05/2024,4.883,19.714,24.597
28/05/2024,3.673,19.758,23.431
29/05/2024,4.206,23.037,27.243
30/05/2024,4.561,18.912,23.473
31/05/2024,5.904,20.494,26.398
01/06/2024,6.312,22.348,28.660
02/06/2024,4.920,13.601,18.521
03/06/2024,3.132,12.346,15.478
04/06/2024,3.194,17.023,20.218
05/06/2024,3.303,16.691,19.993
06/06/2024,4.955,16.701,21.655
07/06/2024,3.885,20.358,24.242
08/06/2024,6.919,22.740,29.659
09/06/2024,5.600,14.220,19.820
10/06/2024,2.851,12.598,15.449
11/06/2024,4.498,14.587,19.085
12/06/2024,3.372,17.966,21.338
13/06/2024,5.489,15.324,20.813
14/06/2024,4.085,19.096,23.181
15/06/2024,8.250,22.319,30.568
16/06/2024,6.952,17.645,24.598
17/06/2024,4.649,17.138,21.787
18/06/2024,3.182,14.758,17.940
19/06/2024,5.478,20.810,26.288
20/06/2024,5.057,16.815,21.872
21/06/2024,5.394,17.720,23.114
22/06/2024,7.694,22.204,29.898
23/06/2024,6.930,22.912,29.842
24/06/2024,4.519,17.787,22.306
25/06/2024,4.403,14.741,19.145
26/06/2024,3.983,15.277,19.260
27/06/2024,5.157,16.629,21.786
28/06/2024,5.272,17.493,22.765
29/06/2024,7.481,22.077,29.558
30/06/2024,5.762,13.004,18.766
01/07/2024,3.695,13.255,16.950
02/07/2024,3.578,13.229,16.807
03/07/2024,3.308,18.567,21.876
04/07/2024,3.216,17.419,20.635
05/07/2024,4.892,20.659,25.551
06/07/2024,6.643,18.595,25.239
07/07/2024,7.251,22.133,29.384
08/07/2024,6.194,22.662,28.856
09/07/2024,5.298,23.078,28.376
10/07/2024,4.624,17.483,22.107
11/07/2024,3.828,15.360,19.188
12/07/2024,3.054,18.038,21.093
13/07/2024,7.507,20.542,28.049
14/07/2024,7.254,14.452,21.706
15/07/2024,3.335,19.135,22.470
16/07/2024,7.886,18.216,26.103
17/07/2024,4.541,18.295,22.837
18/07/2024,4.622,19.408,24.030
19/07/2024,5.051,20.403,25.454
20/07/2024,6.076,20.842,26.918
21/07/2024,5.861,17.208,23.075
22/07/2024,5.630,18.399,24.029
23/07/2024,5.123,16.050,21.174
24/07/2024,5.894,16.065,21.959
25/07/2024,4.647,14.751,19.398
26/07/2024,4.338,20.481,24.819
27/07/2024,7.465,21.950,29.415
28/07/2024,4.375,16.510,20.885
29/07/2024,5.01,17.023,22.032
30/07/2024,4.106,16.608,20.714
31/07/2024,3.503,16.686,20.189
01/08/2024,6.106,13.500,19.606
02/08/2024,4.021,21.729,25.750
03/08/2024,5.321,21.211,26.533
04/08/2024,6.933,18.619,25.621
05/08/2024,5.732,19.323,25.054
06/08/2024,5.663,15.008,20.688
07/08/2024,5.455,15.038,20.493
08/08/2024,4.934,19.718,24.651
09/08/2024,5.359,19.782,25.141
10/08/2024,6.355,20.617,26.972
11/08/2024,5.168,14.531,19.699
12/08/2024,4.824,15.412,20.235
13/08/2024,4.734,15.528,20.440
14/08/2024,3.624,16.743,20.366
15/08/2024,4.484,19.110,23.595
16/08/2024,6.508,21.282,27.789
17/08/2024,8.565,24.249,32.814
18/08/2024,6.005,15.429,21.434
19/08/2024,4.616,16.381,20.998
20/08/2024,4.040,11.419,15.459
21/08/2024,3.360,12.741,16.102
22/08/2024,3.831,17.805,21.635
23/08/2024,5.579,21.197,26.776
24/08/2024,8.291,21.948,30.239
25/08/2024,5.716,16.155,21.872
26/08/2024,4.136,16.052,20.187
27/08/2024,4.285,16.829,21.114
28/08/2024,3.827,14.625,18.452
29/08/2024,4.209,17.413,21.621
30/08/2024,4.517,20.805,25.322
31/08/2024,6.163,22.388,28.551
01/09/2024,5.718,13.047,18.765
02/09/2024,3.141,14.767,17.908
03/09/2024,3.503,7.363,10.866
04/09/2024,2.383,11.938,14.321
05/09/2024,3.549,17.673,21.222
06/09/2024,2.431,18.297,20.728
07/09/2024,6.345,22.379,28.725
08/09/2024,5.611,16.502,22.113
09/09/2024,3.671,10.105,13.775
10/09/2024,3.393,8.031,11.425
11/09/2024,2.516,11.501,14.017
12/09/2024,2.665,17.618,20.283
13/09/2024,2.995,24.534,27.529
14/09/2024,5.585,28.741,34.326
15/09/2024,6.373,18.343,24.716
16/09/2024,3.465,16.075,19.540
17/09/2024,3.591,14.305,17.896
18/09/2024,4.584,11.404,15.988
19/09/2024,3.507,18.474,21.981
20/09/2024,4.235,22.275,26.510
21/09/2024,6.784,25.551,32.335
22/09/2024,6.159,12.127,18.286
23/09/2024,5.285,15.197,20.482
24/09/2024,4.507,14.753,19.260
25/09/2024,3.613,18.547,22.159
26/09/2024,5.381,25.384,30.765
27/09/2024,6.384,23.095,29.479
28/09/2024,7.905,26.325,34.230
29/09/2024,5.901,15.186,21.087
30/09/2024,4.207,11.906,16.113
01/10/2024,3.726,13.626,17.351
02/10/2024,3.067,11.486,14.553
03/10/2024,3.486,19.434,22.920
04/10/2024,6.524,24.076,30.600
05/10/2024,8.813,26.087,34.900
06/10/2024,5.814,13.083,18.897
07/10/2024,4.458,11.089,15.547
08/10/2024,2.354,14.001,16.355
09/10/2024,2.535,13.069,15.604
10/10/2024,4.343,18.133,22.476
11/10/2024,4.677,21.290,25.967
12/10/2024,6.604,24.675,31.279
13/10/2024,6.043,15.895,21.938
14/10/2024,5.161,10.396,15.557
15/10/2024,2.142,13.775,15.917
16/10/2024,4.005,15.507,19.513
17/10/2024,3.629,20.195,23.825
18/10/2024,7.118,17.966,25.084
19/10/2024,8.849,22.572,31.421
20/10/2024,6.142,19.346,25.488
21/10/2024,3.900,17.925,21.825
22/10/2024,3.706,15.333,19.039
23/10/2024,4.755,15.637,20.392
24/10/2024,3.574,18.587,22.161
25/10/2024,5.043,22.699,27.742
26/10/2024,6.589,25.133,31.722
27/10/2024,7.674,17.655,25.328
28/10/2024,5.546,13.784,19.330
29/10/2024,2.909,14.975,17.885
30/10/2024,3.852,11.387,15.239
31/10/2024,4.470,17.825,22.307
01/11/2024,6.299,25.436,31.735
02/11/2024,8.495,27.481,35.976
03/11/2024,7.143,15.399,22.542
04/11/2024,3.379,10.153,13.532
05/11/2024,3.960,10.929,14.889
06/11/2024,2.231,11.777,14.008
07/11/2024,3.824,13.536,17.360
08/11/2024,3.458,23.700,27.158
09/11/2024,7.209,26.028,33.237
10/11/2024,7.252,17.933,25.185
11/11/2024,2.778,9.084,11.862
12/11/2024,2.846,9.237,12.083
13/11/2024,2.344,10.287,12.631
14/11/2024,2.758,11.624,14.382
15/11/2024,7.179,21.401,28.580
16/11/2024,8.599,21.267,29.866
17/11/2024,4.429,14.204,18.633
18/11/2024,2.858,12.663,15.521
19/11/2024,1.930,14.843,16.773
20/11/2024,2.585,12.873,15.458
21/11/2024,3.180,16.719,19.900
22/11/2024,3.218,22.254,25.472
23/11/2024,6.971,24.881,31.852
24/11/2024,6.941,13.164,20.105
25/11/2024,2.613,6.658,9.270
26/11/2024,1.967,8.297,10.264
27/11/2024,2.755,9.248,12.003
28/11/2024,2.896,13.303,16.199
29/11/2024,3.792,20.142,23.933
30/11/2024,6.604,25.999,32.604
01/12/2024,6.195,12.563,18.758
02/12/2024,3.368,6.299,9.667
03/12/2024,1.957,8.296,10.252
04/12/2024,1.971,7.996,9.966
05/12/2024,2.32,10.009,12.33
06/12/2024,2.607,19.792,22.399
07/12/2024,6.097,22.558,28.655
08/12/2024,4.318,12.983,17.300
09/12/2024,1.948,6.619,8.567
10/12/2024,2.591,7.567,10.158
11/12/2024,1.603,8.188,9.792
12/12/2024,7.458,14.791,22.249
13/12/2024,2.63,21.903,24.532
14/12/2024,4.114,21.37,25.484
15/12/2024,5.469,9.942,15.410
16/12/2024,1.721,10.061,11.782
17/12/2024,5.998,6.942,12.973
18/12/2024,2.571,10.812,13.383
19/12/2024,2.405,10.609,13.014
20/12/2024,2.996,15.014,18.010
21/12/2024,4.742,18.683,23.425
22/12/2024,5.212,15.462,20.674
23/12/2024,5.280,11.003,16.283
24/12/2024,3.320,18.450,21.769
25/12/2024,8.597,21.538,30.135
26/12/2024,5.102,22.839,27.941
27/12/2024,5.318,19.786,25.105
28/12/2024,7.498,25.335,32.833
29/12/2024,6.660,21.201,27.861
30/12/2024,6.607,18.719,25.326
31/12/2024,7.921,28.886,36.807
01/01/2025,4.471,16.579,21.050
02/01/2025,7.270,18.981,26.252
03/01/2025,6.005,19.337,25.342
04/01/2025,4.268,17.798,22.066
05/01/2025,3.560,8.372,11.936
06/01/2025,1.805,3.889,5.695
07/01/2025,1.701,7.157,8.858
08/01/2025,1.804,7.213,9.017
09/01/2025,2.067,5.689,7.756
10/01/2025,3.144,13.499,16.643
11/01/2025,5.758,18.582,24.340
12/01/2025,3.087,8.769,11.856
13/01/2025,2.009,6.513,8.522
14/01/2025,1.195,5.917,7.112
15/01/2025,3.105,3.644,6.748
16/01/2025,2.338,9.155,11.493
17/01/2025,2.258,15.508,17.766
18/01/2025,4.656,22.63,27.286
19/01/2025,5.09,10.799,15.889
20/01/2025,4.324,10.851,15.175
21/01/2025,1.252,6.533,7.785
22/01/2025,1.268,4.066,5.334
23/01/2025,2.883,13.117,16.000
24/01/2025,2.128,19.205,21.333
25/01/2025,5.718,20.561,26.279
26/01/2025,5.348,7.668,13.016
27/01/2025,1.693,8.895,10.588
28/01/2025,1.503,6.539,8.042
29/01/2025,2.866,9.265,12.131
30/01/2025,4.026,12.681,16.707
31/01/2025,3.474,17.097,20.571
01/02/2025,7.665,22.579,30.244
02/02/2025,5.285,9.634,14.919
03/02/2025,2.223,5.496,7.719
04/02/2025,2.037,5.540,7.577
05/02/2025,2.281,6.766,9.047
06/02/2025,2.136,14.195,16.331
07/02/2025,3.858,14.716,18.573
08/02/2025,4.025,20.156,24.181
09/02/2025,5.044,16.152,21.196
10/02/2025,3.621,10.986,14.607
11/02/2025,2.083,11.115,13.199
12/02/2025,7.615,10.647,18.262
13/02/2025,1.816,12.793,14.609
14/02/2025,4.681,29.820,34.501
15/02/2025,4.871,23.906,28.777
16/02/2025,5.950,11.264,17.213
17/02/2025,3.091,7.270,10.362
18/02/2025,2.072,8.966,11.038
19/02/2025,2.906,7.670,10.576
20/02/2025,2.232,10.386,12.618
21/02/2025,3.661,19.425,23.085
22/02/2025,4.315,20.229,24.544
23/02/2025,3.857,8.927,12.784
24/02/2025,1.612,4.612,6.223
25/02/2025,1.805,7.920,9.725
26/02/2025,2.843,7.834,10.677
27/02/2025,4.013,7.390,11.404
28/02/2025,4.573,16.377,20.950
01/03/2025,5.372,22.370,27.742
02/03/2025,5.986,16.304,22.290
03/03/2025,2.378,7.293,9.671
04/03/2025,3.080,6.872,9.952
05/03/2025,2.191,6.639,8.830
06/03/2025,2.505,10.928,13.433
07/03/2025,3.684,18.234,21.918
08/03/2025,5.597,23.001,28.598
09/03/2025,4.630,12.962,17.592
10/03/2025,1.670,12.693,14.363
11/03/2025,2.574,10.387,12.961
12/03/2025,1.709,11.303,13.012
13/03/2025,2.819,12.564,15.383
14/03/2025,3.410,19.497,22.906
15/03/2025,5.582,23.713,29.295
16/03/2025,6.515,12.775,19.290
17/03/2025,3.714,10.274,13.988
18/03/2025,2.154,9.702,11.856
19/03/2025,3.716,17.877,21.593
20/03/2025,3.414,17.634,21.048
21/03/2025,5.013,21.785,26.798
22/03/2025,7.406,26.407,33.814
23/03/2025,4.931,14.700,19.631
24/03/2025,2.758,13.544,16.302
25/03/2025,2.674,11.390,14.065
26/03/2025,1.461,11.269,12.730
27/03/2025,2.686,13.289,15.974
28/03/2025,5.996,21.928,27.924
29/03/2025,5.999,24.199,30.198
30/03/2025,7.224,17.201,24.425
31/03/2025,6.187,16.763,22.950
01/04/2025,3.837,15.206,19.043
02/04/2025,3.846,17.453,21.298
03/04/2025,3.397,18.444,21.840
04/04/2025,5.334,23.634,28.968
05/04/2025,6.925,26.840,33.765
06/04/2025,4.987,16.837,21.825
07/04/2025,4.414,18.076,22.490
08/04/2025,2.670,19.587,22.257
09/04/2025,3.415,19.182,22.597
10/04/2025,3.167,17.826,20.993
11/04/2025,5.633,25.753,31.385
12/04/2025,8.245,29.404,37.649
13/04/2025,5.656,21.165,26.821
14/04/2025,2.645,20.386,23.030
15/04/2025,5.093,18.579,23.672
16/04/2025,5.099,16.520,21.619
17/04/2025,5.597,23.084,28.681
18/04/2025,8.505,28.183,36.688
19/04/2025,9.353,30.481,39.834
20/04/2025,11.887,28.646,40.878
21/04/2025,8.834,20.262,29.712
22/04/2025,4.403,17.661,22.065
23/04/2025,5.681,17.070,22.752
24/04/2025,5.752,20.855,27.754
25/04/2025,7.197,25.374,32.571
26/04/2025,4.721,17.918,22.638
27/04/2025,6.333,18.397,24.730
28/04/2025,4.936,16.218,21.154
29/04/2025,5.072,14.744,19.816
30/04/2025,4.710,20.312,25.022
01/05/2025,6.292,24.921,31.213
02/05/2025,7.561,28.246,35.807
03/05/2025,8.022,28.128,36.150
04/05/2025,10.263,19.051,29.313
05/05/2025,3.754,14.412,18.166
06/05/2025,2.493,13.524,16.017
07/05/2025,3.970,14.450,18.420
08/05/2025,5.883,23.258,29.142
09/05/2025,5.051,23.687,28.738
10/05/2025,7.069,27.233,34.302
11/05/2025,8.271,19.166,27.437
12/05/2025,5.343,16.896,22.239
13/05/2025,2.326,16.798,19.123
14/05/2025,3.331,14.583,17.915
15/05/2025,4.818,15.012,19.830
16/05/2025,6.714,22.765,29.479
17/05/2025,2.775,38.113,40.888
18/05/2025,4.914,32.203,37.118
19/05/2025,5.409,22.088,27.497
20/05/2025,4.360,22.370,26.731
21/05/2025,4.555,15.166,19.721
22/05/2025,7.185,17.628,24.813
23/05/2025,5.030,23.140,28.170
24/05/2025,7.742,23.954,31.696
25/05/2025,6.645,15.530,22.175
26/05/2025,4.244,15.725,19.969
27/05/2025,2.564,12.603,15.167
28/05/2025,3.749,14.579,18.327
29/05/2025,10.002,22.720,32.722
30/05/2025,8.993,25.139,34.132
31/05/2025,7.393,22.614,30.007
01/06/2025,5.752,16.129,21.881
02/06/2025,4.446,16.339,20.784
03/06/2025,3.566,19.518,23.083
04/06/2025,3.397,15.201,18.598
05/06/2025,3.345,16.642,19.988
06/06/2025,5.644,18.763,24.407
07/06/2025,6.643,21.729,28.372
08/06/2025,6.698,18.573,25.271
09/06/2025,6.666,17.544,24.209
10/06/2025,3.075,14.159,17.234
11/06/2025,2.054,14.789,16.843
12/06/2025,4.044,18.505,22.549
13/06/2025,4.406,21.924,26.330
14/06/2025,5.958,22.161,28.119
15/06/2025,6.524,15.076,21.600
16/06/2025,4.542,15.069,19.611
17/06/2025,3.627,17.564,21.190
18/06/2025,3.724,17.393,21.117
19/06/2025,5.142,18.637,23.779
20/06/2025,5.144,22.619,27.763
21/06/2025,6.694,24.628,31.322
22/06/2025,6.972,18.717,25.689
23/06/2025,4.851,12.565,17.415
24/06/2025,5.608,13.573,19.181
25/06/2025,3.927,16.023,19.950
26/06/2025,3.807,14.721,18.529
27/06/2025,5.870,22.148,28.018
28/06/2025,7.001,23.375,30.376
29/06/2025,7.161,17.499,24.660
30/06/2025,4.421,16.005,20.426